,Twin 1001 sib1,Twin 1001 sib2,Twin 1021 sib1,Twin 1021 sib2,Twin 1048 sib1,Twin 1048 sib2,Twin 1049 sib1,Twin 1049 sib2,Twin 1065 sib1,Twin 1065 sib2,Twin 2075 sib1,Twin 2075 sib2,Twin 3006 sib1,Twin 3006 sib2,Twin 3027 sib1,Twin 3027 sib2
twin,DZ,DZ,DZ,DZ,DZ,DZ,DZ,DZ,DZ,DZ,DZ,DZ,DZ,DZ,DZ,DZ
placenta,DC,DC,DC,DC,DC,DC,DC,DC,DC,DC,DC,DC,DC,DC,DC,DC
sex,M,F,F,M,M,M,M,M,M,M,F,M,M,M,M,M
age (gestational),34,34,37,37,38,38,34,34,38,38,37,37,32,32,36,36
ID_REF,GSM897841,GSM897842,GSM897851,GSM897852,GSM897855,GSM897856,GSM897857,GSM897858,GSM897859,GSM897860,GSM897882,GSM897883,GSM897886,GSM897887,GSM897888,GSM897889
cg00846036,0.495070527,0.473060256,0.36411801,0.489036522,0.490204786,0.510754524,0.512619801,0.434202532,0.5789572,0.517255131,0.520947583,0.455187305,0.436251165,0.414944443,0.452616376,0.473161991
cg05225996,0.406894957,0.349120248,0.344538264,0.329058998,0.348880795,0.280779853,0.361686155,0.416281998,0.360149812,0.153564516,0.41929207,0.428751168,0.249597631,0.347550294,0.394425222,0.346858721
cg07059360,0.388632189,0.369914962,0.483987034,0.495117205,0.389492228,0.364280121,0.395807899,0.373736315,0.361112515,0.39139488,0.410899197,0.371616362,0.373110231,0.355096948,0.389654439,0.380709767
cg16005224,0.54871503,0.486631438,0.516303742,0.523206967,0.588637516,0.473346111,0.526531311,0.471293239,0.554560104,0.366276332,0.446798534,0.469153819,0.376218749,0.431925925,0.423505916,0.432362972
cg16853982,0.284299584,0.331483212,0.269457748,0.228857811,0.267908443,0.284291293,0.340263877,0.298946088,0.561540887,0.33297114,0.287295977,0.325794792,0.212082831,0.253602466,0.313454552,0.334762005
cg22584138,0.226996652,0.294033252,0.301602275,0.323252763,0.216731205,0.171142667,0.239562363,0.355541942,0.327755943,0.318948005,0.302475172,0.25556441,0.259358697,0.254852627,0.216358158,0.279312556
cg04743872,0.284306329,0.167744374,0.27452837,0.282305781,0.278025054,0.223168929,0.289332385,0.279759602,0.22502449,0.200177244,0.238706247,0.208429254,0.243589513,0.170966864,0.195826724,0.223789635
cg21993406,0.490867525,0.519593852,0.283259244,0.285508004,0.525042782,0.246017523,0.441366719,0.45321664,0.390272366,0.555345851,0.465898052,0.40231403,0.434700541,0.429528167,0.447534586,0.44388833
cg24975842,0.461480706,0.475247214,0.479135427,0.488229283,0.456740726,0.455281515,0.495584982,0.437698352,0.52378345,0.525127418,0.478678062,0.447358761,0.483618397,0.403501201,0.468121031,0.455086275
cg11935638,0.276261805,0.277491904,0.264671085,0.248867634,0.28439921,0.253306315,0.30351003,0.251012593,0.2885531,0.30593273,0.236860158,0.261264168,0.259400698,0.341103272,0.29217711,0.285797072
cg24981018,0.537780363,0.563331088,0.544120566,0.534281668,0.505213166,0.485450929,0.545944973,0.494821074,0.513023525,0.474852331,0.501639174,0.559286362,0.501417026,0.497725071,0.569031034,0.504985587
cg10124201,0.398510002,0.418494484,0.455262371,0.419599266,0.42440286,0.404017571,0.371926214,0.36469563,0.368918338,0.348058079,0.441371947,0.481085483,0.269262113,0.423860736,0.443587087,0.407472653
cg27016307,0.47666979,0.523867864,0.384296438,0.405411722,0.471518778,0.437193653,0.400603607,0.38842655,0.56794732,0.22268642,0.376111854,0.302501335,0.501555276,0.425963814,0.421125786,0.360271305
cg04230060,0.587432375,0.577400801,0.445340763,0.48650003,0.470131722,0.445773802,0.587184594,0.561619861,0.559156644,0.523405359,0.487436545,0.514623476,0.38451314,0.52590566,0.602669181,0.45682177
cg01512854,0.310968043,0.296982552,0.367065344,0.379073777,0.370645968,0.256326904,0.322787361,0.502826555,0.405378393,0.35527103,0.26815337,0.26522438,0.303260827,0.305762032,0.349208318,0.311142061
cg03103192,0.437794576,0.537698774,0.493716056,0.521517532,0.524468285,0.425246349,0.469445323,0.495794721,0.50101472,0.5327428,0.481326661,0.474682323,0.54346432,0.502925042,0.465361908,0.393140317
cg24194775,0.498447788,0.734776158,0.696670634,0.600656802,0.780282965,0.769133323,0.73810146,0.592413859,0.782450169,0.698782164,0.690186414,0.725143702,0.450953629,0.518145234,0.649484219,0.593925683
cg21279601,0.270935095,0.266196832,0.296942497,0.306160402,0.29120095,0.22861369,0.23567914,0.281547177,0.281429815,0.260857335,0.243293913,0.303134761,0.297158939,0.269905728,0.30334752,0.254847447
cg10503234,0.404788697,0.316343766,0.374627349,0.350303987,0.312033972,0.31155085,0.352298395,0.499661216,0.282775228,0.37758653,0.359572063,0.381075425,0.346750464,0.296737155,0.349969974,0.292717961
cg15489301,0.4325836,0.408393517,0.433371282,0.363388089,0.330695889,0.175131375,0.395891215,0.384493819,0.444439173,0.569850157,0.342812312,0.361372747,0.340091611,0.400675083,0.342998775,0.358508769
cg03543593,0.318682496,0.26320208,0.462404017,0.423761815,0.347658127,0.368018102,0.333265959,0.376583574,0.37981607,0.320819668,0.343234848,0.325051798,0.295029555,0.441406989,0.369474117,0.310621986
cg24920358,0.487256353,0.448749226,0.382864251,0.40563633,0.492706086,0.349938975,0.339951244,0.264985374,0.572611241,0.399156169,0.357240052,0.401317203,0.418191698,0.351846747,0.409806412,0.345585073
cg24010952,0.292228095,0.275007674,0.330419144,0.34379423,0.408042169,0.384800832,0.345028912,0.340135319,0.497264587,0.331577088,0.325386889,0.339522919,0.348750563,0.279326981,0.316111559,0.350539587
cg14892768,0.28546401,0.315864009,0.348695678,0.296704776,0.335551238,0.222803633,0.348097464,0.31505368,0.443401262,0.408421153,0.394505399,0.292857137,0.244996017,0.252804441,0.265082336,0.269462272
cg18354264,0.418956894,0.379678415,0.419686638,0.4109652,0.275880265,0.32499014,0.37287716,0.269200935,0.482110059,0.175401094,0.326054324,0.407988244,0.407499072,0.372665138,0.379291719,0.365189692
cg14119236,0.325397768,0.560411012,0.364149744,0.332304027,0.468249472,0.37993367,0.53821963,0.445589233,0.442677996,0.474767864,0.342854621,0.40731215,0.281820751,0.543100956,0.376632179,0.397547843
cg03258472,0.402797416,0.468678021,0.4224434,0.407144543,0.366239027,0.372702332,0.3594939,0.381470417,0.138664635,0.456089366,0.42976701,0.372264488,0.38546401,0.422423243,0.384964087,0.458509528
cg07899016,0.430353009,0.337421463,0.390086289,0.428378738,0.425535824,0.408965696,0.393910677,0.386058152,0.43782238,0.230000292,0.387865619,0.435078519,0.363268971,0.346139964,0.387462392,0.369113885
cg10862848,0.709118778,0.651838022,0.673426905,0.672217194,0.694473371,0.640370087,0.742064741,0.682374641,0.655365924,0.47752141,0.601508087,0.666410587,0.588624141,0.65145576,0.648384538,0.69012132
cg13697378,0.514704964,0.540481911,0.494090261,0.509442182,0.503126701,0.490340451,0.552307968,0.566769569,0.753472687,0.419892984,0.536701642,0.534740822,0.565904912,0.541059706,0.551605594,0.568255765
cg24901474,0.426597829,0.457759155,0.421617111,0.379041131,0.445054761,0.471942723,0.425486728,0.53889488,0.530704813,0.49437639,0.440179679,0.398122714,0.433554149,0.417526071,0.42152334,0.494008336
cg10011623,0.44157739,0.503325659,0.341869401,0.425376141,0.430454847,0.476974969,0.506499782,0.397337222,0.529869781,0.684058778,0.495722485,0.420268789,0.477516192,0.524093127,0.441082087,0.436938085
cg10078829,0.423968005,0.393963854,0.410812954,0.350701735,0.35432991,0.36160032,0.364843765,0.369922162,0.482136256,0.545214269,0.417907071,0.344645675,0.327334379,0.364862318,0.341205134,0.358877686
cg20050113,0.51394386,0.558323218,0.492879774,0.338618684,0.434602838,0.389231512,0.41665596,0.315075394,0.488841624,0.348037312,0.556183737,0.474866506,0.414907363,0.442016992,0.453346648,0.475049213
cg04376312,0.376731908,0.344577271,0.283685424,0.361679595,0.316430874,0.397999363,0.35664917,0.301682206,0.389675502,0.289665094,0.35665622,0.35197708,0.316925105,0.435562093,0.374547396,0.300750966
cg18481241,0.656997869,0.520667173,0.522255676,0.555040518,0.612625,0.634848056,0.49676596,0.687045904,0.376374665,0.654662399,0.591287176,0.683810085,0.522448842,0.565318451,0.615412693,0.678501849
cg24346429,0.527781379,0.450765271,0.543487509,0.551237553,0.553378189,0.533002562,0.510642024,0.56355218,0.523078689,0.49335962,0.543103907,0.520099991,0.501376406,0.479916008,0.520381978,0.521919265
cg02196655,0.719191895,0.554132002,0.29905247,0.400622475,0.37499189,0.380876391,0.312466214,0.300311151,0.289645972,0.50378716,0.617271483,0.338145011,0.439315629,0.415145865,0.420863819,0.312765959
cg09511421,0.510880748,0.438264731,0.396898296,0.451700577,0.476653922,0.454306027,0.493731339,0.617486033,0.422107469,0.539691251,0.409162111,0.455847772,0.515888662,0.277398422,0.436517599,0.429916067
cg14944362,0.341513104,0.401664891,0.354522902,0.40093307,0.335970972,0.376396494,0.356488987,0.337488881,0.356972305,0.302341676,0.385825147,0.3664084,0.370633226,0.313953639,0.320990766,0.339382066
cg21151355,0.422012835,0.464535804,0.303575332,0.328321098,0.305531044,0.377163627,0.601859043,0.494098157,0.351363042,0.559307121,0.408005683,0.410533005,0.368129705,0.403592475,0.339969572,0.334004796
cg04640913,0.47874151,0.343381132,0.478790281,0.438172226,0.466331627,0.382302722,0.400721826,0.410136568,0.452641023,0.434100108,0.332689625,0.429430563,0.362927165,0.402873578,0.384442539,0.420134323
cg04375683,0.362943865,0.427815225,0.388209701,0.36510141,0.364332654,0.403461141,0.369063558,0.403539177,0.446855266,0.603421191,0.440477804,0.3903005,0.387857301,0.34772433,0.379950046,0.341772504
cg08586737,0.384552259,0.398929797,0.313264153,0.329135835,0.412624296,0.328886205,0.372058042,0.376085053,0.534951505,0.350705113,0.342099903,0.387089255,0.169606863,0.347852781,0.32243501,0.359888584
cg11524446,0.528120377,0.496212011,0.436210613,0.519584741,0.461353888,0.480041282,0.689812909,0.478010645,0.562693627,0.201673381,0.444015847,0.45507417,0.448512221,0.419671495,0.4820083,0.43717406
cg06039392,0.318876009,0.31267782,0.449087449,0.379044291,0.29615488,0.219962759,0.195015135,0.28518699,0.271716283,0.253972044,0.325536177,0.281721718,0.281713532,0.277966083,0.291960844,0.280562049
cg18087477,0.344254403,0.381451895,0.400815569,0.378040723,0.405071947,0.291590276,0.379857804,0.383398699,0.584787363,0.242395166,0.395005645,0.404112036,0.283465303,0.285664766,0.510014826,0.345512783
cg25831111,0.396588825,0.542257108,0.424435296,0.350395659,0.450835196,0.325087069,0.555048638,0.467102654,0.238159976,0.433889574,0.422084538,0.414465986,0.369324039,0.4296742,0.513209421,0.375307036
cg11809091,0.36316339,0.400478159,0.382086717,0.270260718,0.377945923,0.436505781,0.462177207,0.436729285,0.459231446,0.437429972,0.315587589,0.335131315,0.389315412,0.442252116,0.383646138,0.353028244
cg19668234,0.595167933,0.492353354,0.463177026,0.341678697,0.461741804,0.218968243,0.339207512,0.316150328,0.476085723,0.60391829,0.411342268,0.534668546,0.326022723,0.309828349,0.619955849,0.536379996
cg11511443,0.400732581,0.403913962,0.591799028,0.482295216,0.431307846,0.432775221,0.445256377,0.351221694,0.479717058,0.476342604,0.388925977,0.381164574,0.407240607,0.496865929,0.353930245,0.355645953
cg26057752,0.432423775,0.352656616,0.400013499,0.327546271,0.3472854,0.389136406,0.247304506,0.362008256,0.158695899,0.130339188,0.486490251,0.515908077,0.307866216,0.296535769,0.217876994,0.424711694
cg13228642,0.51293719,0.530450863,0.411801122,0.386805707,0.499663769,0.275593093,0.55476453,0.42856284,0.507659805,0.522982122,0.616849317,0.519870792,0.692652139,0.475259334,0.494433402,0.509229232
cg00643392,0.384871797,0.397569642,0.338973621,0.292727178,0.363136374,0.330669753,0.326519049,0.368545064,0.333812625,0.462590806,0.331486325,0.380285724,0.324779813,0.508601659,0.365650445,0.254339873
cg16547529,0.436233084,0.608960852,0.463775744,0.505873265,0.429391562,0.422370502,0.424276711,0.534569207,0.658049773,0.374694672,0.401075152,0.43909377,0.424290869,0.446640504,0.568591124,0.426885096
cg25447894,0.506459671,0.474029011,0.434847345,0.48909493,0.515986681,0.4188954,0.558661236,0.557569596,0.394367025,0.560774629,0.519201704,0.523949868,0.375507361,0.524660835,0.534798944,0.570073791
cg08388746,0.224469963,0.322947907,0.405298418,0.443098934,0.281731384,0.279384762,0.192467289,0.371684421,0.281105765,0.346996494,0.239237288,0.248309864,0.244886605,0.316845986,0.243595752,0.249995371
cg17414107,0.563152386,0.517091671,0.473956406,0.478066239,0.579590106,0.484710417,0.48537921,0.577262486,0.611258122,0.493888258,0.486172402,0.496646196,0.560498521,0.423444831,0.511079158,0.504093057
cg22778145,0.346348923,0.33841588,0.488883586,0.454786445,0.363768509,0.355886884,0.464792626,0.392044808,0.423798761,0.398554757,0.313079504,0.28489993,0.359054308,0.360216677,0.366572276,0.37553838
cg25340403,0.47579098,0.329929215,0.413644535,0.433812283,0.374303413,0.432189312,0.409103584,0.420204581,0.388586714,0.494374684,0.484132388,0.460508782,0.297567624,0.466996379,0.469318044,0.472425038
cg03099771,0.492803102,0.524378633,0.503764576,0.510560997,0.442493537,0.475403331,0.481161863,0.529193581,0.473626534,0.506892931,0.485640394,0.530441008,0.424707257,0.375245347,0.440145085,0.511515907
cg15658426,0.327564415,0.334913039,0.352107435,0.367724256,0.429144174,0.41303604,0.428870681,0.37046122,0.479627136,0.421157684,0.346662788,0.35911167,0.362260156,0.326432173,0.435092643,0.307761542
cg03400060,0.460928769,0.45707753,0.457026048,0.423460941,0.431743094,0.471680873,0.401932706,0.45932392,0.480600467,0.376104822,0.478519263,0.517297394,0.411477186,0.391158224,0.423751837,0.441259809
cg19620294,0.432997116,0.38027463,0.418616551,0.411362937,0.462251678,0.409185036,0.45533516,0.468937278,0.552803692,0.392037033,0.444402708,0.397056403,0.397471498,0.461282027,0.406593729,0.376997995
cg10562586,0.411904611,0.358570574,0.530558189,0.422842866,0.362852991,0.400402864,0.443491575,0.424809833,0.588701024,0.346156041,0.3169056,0.348425583,0.363929979,0.49275987,0.361079278,0.426070275
cg02498063,0.573288602,0.500871203,0.530941995,0.435931682,0.461527976,0.463439087,0.659611475,0.576850941,0.585495085,0.545479116,0.378444187,0.377723872,0.479580882,0.603731555,0.43560392,0.421628594
cg06020352,0.422942197,0.440074051,0.418557441,0.397631085,0.362032798,0.441086953,0.428453921,0.362443811,0.373967666,0.372917044,0.458665499,0.435206497,0.374401062,0.474542599,0.442871664,0.433332553
cg16321029,0.454784899,0.482872544,0.37949958,0.459596823,0.51369656,0.512135697,0.435053152,0.487301352,0.44583107,0.560892304,0.512970901,0.485358256,0.481102863,0.540919968,0.483266305,0.491709972
cg10135717,0.539287336,0.506393063,0.470040746,0.473028941,0.496747503,0.556518107,0.379848146,0.548906875,0.417247927,0.431474432,0.51126727,0.545549739,0.379743101,0.42243727,0.425814043,0.427481051
cg14646244,0.282310047,0.351216257,0.324743611,0.360342303,0.307510475,0.343096412,0.387669934,0.34870936,0.502726619,0.334915319,0.247969882,0.280404936,0.323740015,0.424166672,0.260552159,0.249215459
cg11052143,0.57588756,0.566264805,0.438886312,0.387646165,0.502594169,0.419355387,0.662571105,0.52238529,0.685962293,0.303821016,0.559664902,0.582412529,0.460435791,0.40503234,0.506192958,0.498698316
cg17387870,0.430579888,0.436859254,0.449118566,0.423113512,0.513869427,0.435795431,0.515687846,0.501445948,0.365219041,0.508702597,0.463112276,0.540136003,0.282259322,0.444195025,0.545939516,0.596177287
cg16372520,0.563304709,0.56964194,0.501256684,0.469145591,0.487504178,0.433195239,0.529804869,0.583605318,0.461311731,0.416512457,0.533840358,0.539710786,0.490190213,0.524037076,0.514206873,0.45120111
cg22549408,0.494534551,0.507416665,0.558158132,0.357275656,0.37326301,0.464874756,0.407641044,0.553263473,0.569271559,0.522070044,0.543459744,0.529773093,0.491361866,0.338355762,0.640122293,0.531498391
cg18474934,0.640367374,0.681881976,0.589092323,0.53055559,0.571795424,0.176849723,0.636987063,0.647150647,0.739194695,0.66822305,0.462735626,0.493092301,0.37361707,0.47286084,0.611876189,0.624509895
cg09538287,0.440865718,0.390810623,0.499638884,0.4536448,0.425165245,0.449425303,0.464233866,0.524132567,0.475984282,0.450937513,0.36957591,0.409293007,0.399335801,0.357113491,0.372301697,0.423743039
cg05072008,0.406513086,0.441317181,0.485682956,0.472612941,0.392648904,0.334482631,0.362063387,0.389182921,0.348545497,0.395943884,0.430014011,0.420015118,0.331966656,0.32400813,0.400282319,0.350547644
cg01601573,0.441955371,0.498843964,0.537418589,0.426473627,0.459166533,0.361857859,0.413195877,0.4247185,0.624954933,0.261619824,0.376618273,0.468472248,0.338876923,0.329830107,0.526969256,0.370602817
cg14396117,0.63404042,0.701659777,0.370520099,0.383278057,0.537846555,0.590067105,0.813361801,0.480405991,0.601258449,0.437556138,0.53875566,0.54765344,0.651604072,0.73147365,0.539133226,0.527821566
cg21081971,0.510530157,0.515313092,0.51564725,0.482735393,0.424454566,0.531122777,0.541080287,0.431007811,0.640815758,0.386340719,0.501272747,0.477537627,0.432907051,0.356909272,0.453115019,0.418188993
cg17356252,0.581411366,0.542292683,0.57441782,0.557276091,0.50379254,0.461135282,0.563325906,0.54872673,0.777580026,0.511726393,0.646306635,0.614534503,0.58530652,0.542298896,0.510265411,0.528201106
cg00729875,0.271096788,0.31406698,0.398426484,0.374617795,0.319415315,0.370994337,0.267159597,0.371898127,0.353665499,0.489992653,0.271845311,0.321109239,0.274041797,0.300353817,0.307970499,0.38556997
cg01136458,0.617671806,0.443773776,0.527894655,0.441688409,0.556765673,0.564747969,0.571291201,0.517534505,0.418463738,0.49662476,0.476007194,0.448592847,0.543818366,0.476423126,0.554485628,0.587754971
cg27417997,0.353984069,0.412357749,0.392929176,0.431276089,0.371761205,0.376262663,0.409165858,0.392283302,0.431680875,0.424453551,0.329553396,0.377018301,0.436958015,0.317191104,0.406559713,0.347295838
cg03962522,0.524290461,0.536559797,0.522482126,0.472910974,0.648185804,0.490126854,0.529171703,0.518104979,0.496300699,0.459166608,0.4822617,0.463345252,0.432921213,0.465837023,0.52784633,0.595104919
cg21096966,0.443731427,0.595321474,0.421663717,0.485724013,0.641075909,0.513770632,0.458457358,0.46714463,0.435965991,0.492136634,0.450249336,0.45219467,0.394482952,0.506256183,0.582854209,0.646313133
cg15517609,0.380394762,0.472483649,0.316881263,0.299612532,0.352984008,0.340493267,0.248634053,0.255343057,0.669279453,0.347002741,0.443785068,0.38172539,0.370429351,0.357670232,0.399125109,0.375763159
cg00615241,0.465993571,0.323310238,0.53034692,0.424073426,0.488949055,0.41017489,0.48717742,0.453601848,0.430661814,0.372004429,0.486477432,0.553309714,0.52903009,0.527074891,0.499182837,0.480577906
cg24362016,0.344170049,0.321584509,0.330490641,0.378486924,0.354331133,0.370596831,0.337326642,0.350720264,0.347376289,0.517760207,0.419637242,0.378701253,0.298063852,0.354269237,0.308124858,0.287406523
cg17940740,0.518113448,0.59434192,0.474672308,0.46492142,0.510662817,0.358866751,0.552203864,0.516342591,0.384846322,0.36535414,0.453254654,0.501654289,0.37157309,0.372436273,0.460109302,0.486687927
cg23606079,0.558597529,0.544765419,0.537932816,0.590004427,0.463997099,0.481557964,0.510292848,0.586572392,0.546379944,0.573655174,0.439710873,0.576319427,0.444656102,0.45507767,0.47245363,0.491576219
cg02061229,0.314702935,0.47884312,0.363181009,0.241057675,0.378852601,0.356213809,0.446442597,0.345622538,0.417342442,0.441272539,0.346155116,0.334434125,0.312514561,0.38809433,0.33188164,0.375836361
cg13560436,0.498566007,0.382490459,0.388979075,0.384187261,0.288199512,0.349823622,0.455250255,0.450875079,0.37837353,0.31866347,0.39304548,0.400840592,0.361709039,0.363920568,0.451619347,0.378906672
cg21870668,0.302454927,0.467317747,0.368243839,0.300315359,0.380339007,0.408124551,0.459410762,0.424736477,0.404436057,0.357461253,0.365510903,0.45170559,0.474807058,0.531752799,0.339277474,0.380643011
cg04803153,0.419013986,0.408020783,0.322023111,0.355631862,0.424919052,0.348143019,0.436153241,0.399639669,0.436576582,0.423809637,0.383127178,0.434604639,0.354515749,0.473969802,0.406746509,0.417986953
cg24642468,0.630134167,0.599317791,0.560485937,0.577595348,0.540193391,0.548608319,0.68491895,0.515360614,0.364331929,0.479967146,0.533946104,0.56228623,0.523341572,0.597387738,0.503703965,0.510916191
cg18133957,0.666894927,0.609368765,0.549561362,0.584936643,0.64358245,0.60574889,0.49674328,0.627431025,0.681939583,0.660722454,0.632908003,0.560924894,0.527430154,0.56699424,0.65820276,0.567441524
cg22463915,0.515979072,0.543314762,0.57819003,0.597731036,0.416415967,0.344119709,0.376242654,0.447506054,0.403836356,0.541830064,0.431095497,0.474345997,0.39692269,0.453571236,0.527447486,0.474100753
cg20066612,0.428930969,0.368181611,0.393164411,0.39631368,0.396780393,0.256448695,0.454351984,0.353672098,0.45787429,0.427794431,0.431555306,0.434622508,0.345465319,0.381136717,0.426352791,0.408376743
cg09971646,0.629601071,0.642758258,0.489218238,0.445102926,0.530615483,0.445222035,0.675541047,0.668313466,0.403516551,0.326875696,0.58288762,0.47120488,0.644711253,0.52547719,0.523228522,0.623256161
cg04259560,0.452983123,0.619044882,0.483852154,0.500689915,0.552928309,0.55875577,0.456613373,0.516453582,0.732688792,0.65171166,0.503587687,0.570207969,0.407910624,0.361994999,0.400887984,0.416610025
cg23065097,0.594212981,0.552539525,0.590613416,0.579144187,0.613559475,0.468311386,0.540406057,0.578233391,0.388593437,0.394397424,0.551052495,0.56434427,0.410302994,0.483188404,0.506475895,0.548132013
cg12638745,0.415769941,0.423957691,0.403424154,0.356150992,0.4188875,0.401753627,0.424555708,0.394806629,0.405877299,0.468479771,0.458478226,0.389651641,0.388210517,0.457188378,0.383031055,0.409860639
cg05184394,0.431958519,0.641424895,0.432612149,0.379214388,0.44683793,0.419461829,0.351057958,0.429837476,0.506185235,0.496535565,0.486701665,0.466018349,0.41170729,0.438289897,0.471440996,0.403032559
cg05968233,0.372765798,0.297092221,0.262058125,0.3010738,0.252068437,0.370419547,0.333583568,0.351569041,0.693133215,0.277073501,0.357707022,0.382605305,0.318829633,0.367797445,0.34297722,0.386342129
cg21300318,0.378501681,0.378912616,0.421794422,0.460898342,0.470884919,0.473419434,0.39316734,0.53144471,0.354604689,0.422543222,0.400290602,0.507632238,0.323363409,0.303050498,0.339002597,0.513166897
cg06324048,0.480370314,0.293610008,0.518490479,0.515295321,0.487475031,0.555256775,0.537444836,0.477765225,0.418851217,0.650866264,0.490439243,0.465438582,0.63456977,0.389596919,0.461046147,0.465689066
cg14115346,0.62385074,0.599382811,0.63664738,0.614200279,0.574621506,0.523866127,0.576509961,0.537864453,0.58850048,0.572409799,0.585547654,0.608311869,0.556571378,0.537909232,0.53094529,0.648684702
cg25843439,0.62651667,0.544788884,0.525607181,0.512593444,0.453990544,0.376269126,0.505854603,0.53109711,0.50780531,0.601786306,0.527539413,0.541331657,0.401367137,0.558720364,0.536457256,0.453673141
cg03097995,0.71977553,0.648535455,0.564811252,0.545012236,0.587622343,0.611255746,0.720911541,0.671580578,0.649151128,0.885460698,0.812339657,0.851772323,0.616865919,0.658901839,0.565515152,0.532541525
cg16547341,0.661917806,0.559364344,0.613046918,0.587967719,0.649091006,0.373441493,0.573619243,0.534351456,0.54285134,0.594694687,0.605258279,0.628841839,0.503833518,0.519121522,0.596977176,0.577387904
cg06851207,0.318614259,0.383751146,0.430220894,0.456690066,0.290277178,0.252476937,0.391774567,0.38097676,0.422490533,0.49893796,0.434877189,0.27083579,0.384846002,0.357978254,0.40940593,0.388916984
cg20451680,0.617669978,0.546064327,0.518621204,0.569372764,0.55161776,0.463744749,0.490187692,0.568406854,0.470660431,0.583315009,0.470239968,0.482452307,0.534750267,0.630228467,0.546604827,0.590287013
cg05807444,0.554337932,0.590725042,0.591852114,0.597893103,0.484126524,0.424550803,0.568170299,0.619922138,0.614773541,0.672860021,0.697336736,0.601246536,0.62843213,0.618030122,0.620043153,0.507632505
cg06362985,0.427042974,0.456302118,0.550067798,0.54697401,0.441629327,0.437545472,0.457271278,0.448211691,0.547638192,0.382217191,0.451110082,0.431397477,0.416501814,0.392452714,0.442500818,0.442070517
cg24378421,0.453494498,0.488214473,0.469374486,0.460511829,0.43513511,0.42394423,0.444063493,0.464097138,0.306716904,0.273705177,0.515892802,0.476808817,0.428029968,0.375231149,0.424299793,0.42177954
cg14356550,0.609762357,0.739062951,0.606402633,0.587569232,0.578844498,0.683122086,0.507318296,0.536625096,0.630662088,0.824839417,0.568487978,0.630031944,0.524682911,0.629771977,0.562281178,0.544209021
cg09558850,0.365928816,0.476962766,0.438532368,0.474440858,0.393881361,0.349937143,0.38929271,0.50070603,0.476628243,0.38014449,0.408293149,0.395787651,0.378351272,0.386634179,0.369465676,0.403876109
cg05696092,0.473659749,0.564625408,0.55401427,0.514575089,0.488383883,0.536831902,0.474348172,0.58968344,0.421840314,0.562069781,0.65115564,0.610617729,0.524039817,0.454901411,0.554357302,0.503502237
cg04431133,0.508721908,0.547434784,0.556896344,0.532055641,0.557134075,0.524244963,0.510530052,0.494606874,0.343812148,0.612696149,0.508552025,0.471553335,0.474845873,0.41156792,0.619871808,0.547309507
cg21514871,0.508810611,0.540909008,0.523314935,0.456032326,0.467986783,0.569068733,0.508989498,0.59171915,0.335403711,0.509620195,0.576729294,0.624445597,0.545543636,0.440941135,0.506659257,0.492341029
cg06148175,0.32578065,0.375481347,0.522883268,0.469602912,0.396186044,0.347187782,0.359965883,0.344546708,0.373846783,0.399331556,0.32720377,0.322338403,0.360565059,0.317543806,0.31510288,0.369162692
cg24401441,0.468540708,0.534509734,0.427236345,0.41782359,0.459160531,0.465600087,0.553472936,0.571084544,0.571436909,0.418958135,0.572144336,0.485851494,0.358277335,0.558252155,0.453644234,0.436589851
cg08719486,0.413942727,0.388713947,0.418544798,0.458080148,0.456875455,0.384960479,0.347070416,0.454044678,0.314211948,0.27378545,0.458892449,0.44021574,0.355490923,0.32238755,0.397266067,0.372560592
cg09059635,0.50919117,0.510850076,0.527650913,0.478507249,0.511184516,0.408232902,0.564931008,0.522431235,0.454923526,0.661073057,0.505857451,0.478872773,0.404320084,0.388780973,0.539517365,0.443185168
cg20924286,0.496178875,0.479524411,0.503050519,0.519237933,0.505673446,0.469866679,0.449322774,0.487832561,0.486825319,0.516634876,0.452174059,0.437853077,0.445796786,0.453543147,0.413472727,0.45020438
cg27390220,0.374508324,0.505351462,0.413116428,0.422835724,0.466384822,0.45998835,0.387138453,0.591012604,0.280337809,0.403042149,0.460541708,0.39987511,0.362406772,0.254549002,0.406815069,0.434014593
cg02964385,0.397905253,0.464435631,0.46201625,0.397505481,0.364848553,0.3815256,0.429438743,0.557048899,0.448347485,0.46345874,0.426415143,0.424464173,0.334256914,0.348976851,0.393337759,0.404137319
cg06906435,0.515101021,0.602621147,0.476311254,0.518864543,0.484989507,0.436829452,0.485915152,0.502323609,0.597400923,0.460803578,0.520502145,0.549585003,0.546179449,0.470809026,0.47497196,0.456496608
cg18847227,0.520825427,0.498693405,0.502346843,0.46698794,0.479511821,0.476147327,0.610661222,0.409204139,0.396599683,0.380655974,0.486781052,0.522911953,0.398478548,0.518094261,0.565393039,0.511960115
cg10447080,0.549945045,0.464098451,0.509450437,0.489173607,0.392181157,0.496415261,0.406703422,0.485385919,0.44089041,0.535329969,0.477675835,0.413934023,0.398534399,0.423613112,0.361230373,0.413911965
cg19094438,0.575817988,0.563563793,0.440423941,0.388724966,0.474516626,0.469779939,0.453176143,0.51583996,0.672739572,0.61132256,0.585334183,0.509184976,0.31371861,0.453601063,0.429075092,0.447853923
cg08935301,0.319471908,0.32891185,0.378466112,0.352409339,0.356376466,0.314392321,0.348967555,0.358342099,0.251902671,0.413736201,0.395211204,0.344506236,0.268676513,0.309456354,0.388214352,0.400971151
cg16334795,0.430077956,0.312455211,0.536550624,0.479240631,0.460489122,0.491174822,0.495446832,0.304251409,0.625714269,0.470662442,0.330184791,0.365065644,0.402641358,0.420347507,0.457967571,0.394939325
cg12718440,0.476082605,0.503663846,0.514102668,0.432168389,0.459917736,0.48310578,0.410565869,0.440669857,0.402824599,0.78213351,0.496336193,0.486200867,0.385207121,0.403257531,0.435975526,0.416260846
cg20516209,0.658710126,0.607877586,0.576255033,0.598643325,0.625376584,0.588421915,0.683673444,0.669522122,0.680975612,0.678473165,0.638371838,0.632593389,0.618855217,0.596319112,0.666537918,0.614166861
cg22672790,0.533534345,0.570737236,0.519763652,0.52197553,0.486237056,0.526870672,0.747938747,0.442461669,0.614458473,0.441350876,0.489167287,0.559334157,0.525984388,0.612638557,0.527446021,0.478144068
cg07880854,0.625648398,0.629061253,0.527959792,0.495329164,0.558042109,0.459482635,0.42683129,0.465447665,0.38374879,0.514933587,0.461808954,0.521528963,0.448613283,0.520811954,0.522608695,0.666269996
cg17181653,0.546360059,0.51820157,0.471079247,0.45700103,0.543992411,0.420555805,0.554167607,0.622755593,0.392327382,0.508980063,0.484151091,0.503650981,0.521267979,0.506481155,0.546945733,0.554758179
cg03504078,0.253623573,0.356000798,0.530366325,0.460977809,0.504596241,0.430159525,0.388771741,0.400951748,0.507587907,0.542155306,0.383850008,0.439099602,0.459382911,0.444234186,0.439990038,0.406763021
cg17838516,0.561763086,0.53154689,0.535081646,0.510656618,0.486403386,0.642527681,0.498509038,0.437676813,0.529129978,0.77314318,0.416438328,0.510162032,0.398385572,0.391640493,0.455668847,0.492361229
cg04995717,0.578056546,0.556996074,0.483377985,0.471416869,0.555693112,0.574380983,0.533341527,0.588883447,0.104345569,0.447532671,0.636445933,0.657169158,0.57666172,0.438728405,0.503231119,0.480321349
cg02799466,0.485445925,0.460810061,0.46039483,0.429085525,0.487474257,0.43641812,0.405012334,0.380385004,0.377746726,0.439197361,0.43014324,0.496225051,0.449217231,0.405900042,0.495330197,0.494758018
cg14732540,0.410475598,0.094675493,0.228331458,0.316343175,0.417431484,0.482397193,0.41490638,0.274252103,0.366899404,0.473030194,0.323505815,0.456948349,0.460952765,0.306873277,0.373351686,0.508680093
cg14009688,0.38409294,0.448555742,0.437776708,0.436944009,0.477249393,0.49220907,0.233603121,0.408211654,0.517878689,0.476790605,0.525788438,0.522271864,0.460824045,0.414931986,0.45700437,0.508079289
cg06330621,0.766226307,0.642787849,0.835799498,0.837216589,0.737712857,0.696484414,0.813896963,0.79863959,0.805471469,0.82639033,0.689395743,0.803720701,0.722182077,0.732030664,0.740719088,0.720166412
cg24088408,0.601157511,0.757305359,0.296332328,0.329507138,0.450790423,0.684820516,0.653442941,0.403942736,0.802370427,0.433224202,0.462112147,0.477761865,0.515497304,0.686271086,0.458093213,0.529527143
cg07679836,0.511159189,0.578094658,0.53528064,0.508228915,0.556468221,0.5535072,0.542869116,0.600521577,0.432005436,0.579453748,0.534934343,0.498602652,0.442223011,0.494772385,0.611889334,0.570192632
cg10001720,0.623891443,0.568416372,0.605627191,0.645870195,0.635536518,0.536295399,0.635035017,0.612820015,0.661958311,0.559066699,0.486510316,0.566118782,0.667136752,0.691889403,0.605366267,0.554004399
cg14951292,0.41111865,0.30338384,0.371226542,0.506682661,0.368241317,0.471177563,0.625492773,0.421723427,0.346431871,0.482429371,0.354603838,0.34046379,0.440995351,0.446193185,0.333298739,0.44686659
cg16893574,0.687467263,0.557090617,0.59704236,0.630489162,0.592430401,0.562976905,0.66975696,0.586356915,0.50167698,0.577107064,0.648351963,0.627273618,0.634132871,0.594883634,0.574965135,0.659243195
cg18055394,0.539541916,0.459783593,0.403985263,0.435435857,0.478519784,0.581295512,0.479731609,0.534963424,0.537085421,0.275214793,0.500819549,0.536409248,0.473479683,0.523634209,0.481587141,0.458898833
cg21030598,0.374967612,0.386174005,0.50924007,0.408065053,0.390941509,0.406878766,0.438839918,0.412134745,0.395409076,0.423890179,0.424889413,0.424137898,0.424012752,0.336400328,0.37645346,0.394312855
cg10751811,0.614352117,0.644885683,0.601091529,0.566883422,0.617985854,0.496225189,0.555086296,0.581843492,0.655186225,0.593744934,0.573426014,0.612813874,0.563455339,0.588045428,0.631577358,0.608763631
cg20099806,0.587712831,0.56792293,0.578838759,0.590296881,0.540544777,0.561969283,0.61511408,0.491880624,0.524867489,0.532144849,0.526134904,0.584776075,0.608437796,0.628217944,0.578642161,0.549637295
cg16034652,0.579693903,0.617352846,0.458323766,0.467996906,0.588868065,0.473082199,0.467433183,0.514608661,0.458530842,0.362995542,0.598403932,0.618835334,0.560111164,0.517043933,0.57398592,0.49792695
cg18145683,0.718932341,0.721430159,0.665450695,0.66805776,0.661191131,0.623408227,0.665337055,0.666957088,0.643986284,0.646800096,0.666758213,0.636223046,0.694387451,0.666534193,0.724814482,0.661233601
cg14161241,0.437725555,0.670367466,0.325861591,0.419487388,0.450009069,0.491466652,0.463214953,0.501825937,0.41718356,0.653127391,0.495605999,0.546123199,0.531634095,0.564659992,0.483098194,0.503984093
cg03621001,0.771301559,0.79323654,0.603457084,0.566311748,0.717053159,0.625750137,0.712081815,0.716622053,0.643986141,0.653888334,0.777155562,0.73744321,0.576923769,0.59455514,0.666622644,0.672283913
cg13500388,0.574064949,0.521528524,0.588147711,0.612807084,0.578798559,0.538845888,0.471635231,0.523545144,0.536920568,0.380626904,0.52172592,0.523372799,0.533894167,0.543673446,0.510384696,0.48712405
cg17347634,0.625983932,0.618408486,0.406150259,0.43018112,0.597655261,0.498096996,0.48669664,0.524491988,0.448642343,0.441003031,0.481872402,0.541991328,0.444936305,0.557056235,0.521280854,0.552959407
cg17347253,0.577143117,0.584868054,0.389370693,0.462270066,0.558335395,0.571065855,0.608859179,0.577281609,0.524353969,0.556470905,0.566216101,0.576279748,0.491938523,0.59025216,0.527851916,0.538116173
cg02142461,0.611663755,0.583112305,0.774846394,0.696991219,0.607348792,0.662974522,0.613640204,0.574504275,0.686934403,0.574629058,0.601988409,0.636240631,0.598656902,0.541311583,0.598193616,0.629431379
cg21163415,0.581416172,0.670773368,0.681861466,0.645934133,0.619747186,0.564805372,0.513183076,0.51498463,0.560851273,0.43120709,0.646605335,0.551894105,0.629933724,0.637140404,0.590553045,0.592086988
cg18059933,0.348459402,0.410818774,0.181586999,0.247088125,0.283153082,0.212153426,0.244040331,0.297473575,0.162104196,0.348278523,0.376551988,0.194707889,0.253914718,0.257128273,0.423448654,0.287899965
cg15585987,0.646419818,0.579338584,0.620530967,0.652975159,0.621153292,0.633586632,0.590823258,0.619861552,0.489666511,0.538852052,0.607755507,0.647544174,0.664077825,0.602158839,0.677737427,0.576916155
cg12671744,0.600547433,0.595481833,0.644509005,0.609338405,0.609067544,0.643829613,0.603164164,0.507124153,0.647771035,0.659134917,0.667270339,0.596682289,0.519211695,0.480333108,0.688637995,0.616795942
cg21116314,0.633386943,0.581151799,0.345758492,0.538284323,0.642718082,0.495169369,0.556646371,0.529389153,0.410796618,0.519639644,0.654314182,0.660440659,0.5209856,0.433619277,0.465714485,0.40193111
cg26976437,0.653206841,0.653072486,0.461459538,0.417996895,0.616398495,0.387180159,0.534170481,0.577300454,0.660920364,0.747340818,0.593635495,0.622517005,0.520015889,0.561728727,0.644411906,0.491804918
cg16414852,0.424328911,0.441207845,0.42390724,0.535518207,0.518818123,0.512698038,0.395925501,0.492774314,0.538786825,0.516094444,0.412238623,0.384786196,0.46350144,0.511832413,0.431929976,0.474614581
cg06500079,0.304083184,0.375475986,0.337264242,0.306540754,0.439157865,0.320890982,0.395076562,0.479827276,0.300720381,0.15267532,0.426583665,0.484177132,0.449560337,0.322357779,0.41130477,0.393410144
cg08927738,0.45078968,0.426776869,0.454106653,0.397909144,0.454448851,0.441885006,0.578459526,0.410447324,0.363621997,0.523985471,0.471622965,0.524729909,0.488080923,0.411542368,0.429342779,0.477902862
cg11577097,0.505160744,0.554737424,0.482649501,0.486176163,0.457267122,0.469568727,0.543055097,0.424648911,0.490266295,0.612510631,0.482102818,0.538448154,0.562429747,0.551014605,0.470725686,0.50014296
cg16639185,0.468260743,0.44187552,0.456940561,0.517268346,0.470048631,0.446603834,0.434075961,0.521790139,0.615099831,0.310898097,0.462778271,0.55567582,0.467720611,0.447268475,0.55882745,0.540279605
cg01405107,0.441756973,0.481694112,0.408936894,0.448271564,0.4380166,0.377991182,0.494200693,0.430905018,0.34233082,0.647686373,0.477250313,0.386549727,0.477841077,0.362973894,0.379438554,0.400947983
cg03101664,0.620502727,0.639158549,0.608940628,0.625445293,0.55302978,0.377388254,0.583295551,0.610919419,0.490168017,0.572280343,0.606491851,0.606098029,0.529406014,0.597641254,0.641748429,0.586761039
cg25853078,0.481989025,0.593595488,0.497947454,0.534050278,0.482610041,0.474915211,0.464576063,0.478143735,0.417222265,0.328635969,0.498570286,0.519746749,0.448035706,0.544958116,0.42375668,0.498174382
cg24956866,0.565222898,0.592475672,0.636607434,0.583273427,0.579491387,0.55232637,0.461094974,0.478881589,0.43963309,0.469711998,0.634301089,0.594294076,0.470584172,0.499053736,0.582328693,0.631302338
cg23894058,0.687079878,0.72649189,0.668359386,0.693908662,0.67646694,0.617655036,0.597938988,0.647113323,0.667979128,0.643918721,0.679169328,0.652106995,0.673454916,0.711862814,0.69079237,0.647819813
cg18292394,0.485687297,0.482135171,0.521633633,0.555926799,0.491014231,0.363478247,0.54368254,0.419493943,0.740221473,0.480926005,0.465863853,0.490715957,0.396550605,0.476830109,0.468362181,0.464919987
cg17093267,0.647817866,0.544236444,0.513753457,0.612335953,0.599612364,0.578470057,0.830746623,0.563213393,0.551998185,0.41551798,0.588619376,0.568666279,0.457755345,0.430432431,0.558477225,0.575378597
cg12990410,0.50189501,0.453786552,0.38300186,0.404727851,0.539474274,0.454262008,0.490563108,0.470897898,0.497090882,0.42806465,0.409401537,0.539831423,0.444593522,0.464600117,0.485620271,0.450164617