,Twin 1002 sib1,Twin 1002 sib2,Twin 1012 sib1,Twin 1012 sib2,Twin 1016 sib1,Twin 1016 sib2,Twin 1019 sib1,Twin 1019 sib2,Twin 1022 sib1,Twin 1022 sib2,Twin 1082 sib1,Twin 1082 sib2,Twin 1114 sib1,Twin 1114 sib2,Twin 1130 sib1,Twin 1130 sib2,Twin 1138 sib1,Twin 1138 sib2,Twin 2010 sib1,Twin 2010 sib2,Twin 2028 sib1,Twin 2028 sib2,Twin 2029 sib1,Twin 2029 sib2,Twin 2036 sib1,Twin 2036 sib2,Twin 2071 sib1,Twin 2071 sib2,Twin 3001 sib1,Twin 3001 sib2,Twin 3034 sib1,Twin 3034 sib2,Twin 3068 sib1,Twin 3068 sib2
twin,MZ,MZ,MZ,MZ,MZ,MZ,MZ,MZ,MZ,MZ,MZ,MZ,MZ,MZ,MZ,MZ,MZ,MZ,MZ,MZ,MZ,MZ,MZ,MZ,MZ,MZ,MZ,MZ,MZ,MZ,MZ,MZ,MZ,MZ
placenta,DC,DC,MC,MC,DC,DC,DC,DC,MC,MC,DC,DC,MC,MC,DC,DC,DC,DC,MC,MC,DC,DC,DC,DC,MC,MC,MC,MC,MC,MC,DC,DC,MC,MC
sex,M,M,F,F,M,M,M,M,M,M,F,F,F,F,F,F,M,M,M,M,F,F,F,F,M,M,F,F,F,F,F,F,M,M
age (gestational),37,37,37,37,36,36,37,37,38,38,34,34,36,36,38,38,38,38,35,35,36,36,34,34,38,38,38,38,34,34,38,38,38,38
ID_REF,GSM897843,GSM897844,GSM897845,GSM897846,GSM897847,GSM897848,GSM897849,GSM897850,GSM897853,GSM897854,GSM897864,GSM897865,GSM897866,GSM897867,GSM897868,GSM897869,GSM897870,GSM897871,GSM897872,GSM897873,GSM897874,GSM897875,GSM897876,GSM897877,GSM897878,GSM897879,GSM897880,GSM897881,GSM897884,GSM897885,GSM897890,GSM897891,GSM897892,GSM897893
cg00846036,0.484779796,0.492682569,0.497422097,0.54276196,0.443232031,0.531175825,0.514667289,0.431016972,0.421942595,0.520270174,0.597444954,0.524558471,0.525870103,0.515730265,0.494897384,0.530977617,0.423739297,0.556255011,0.468655597,0.410649883,0.479352792,0.445159762,0.490366178,0.517189017,0.465127577,0.469461986,0.461113495,0.507991282,0.48948587,0.516821495,0.49215747,0.467394193,0.54390457,0.517753096
cg05225996,0.319944435,0.329961847,0.311366196,0.338028234,0.316867504,0.240699852,0.368174941,0.425561668,0.28518077,0.256273159,0.457301024,0.388834049,0.444017681,0.446177073,0.282463475,0.39418459,0.374317222,0.326922904,0.405205696,0.303914727,0.36437727,0.389305635,0.40275669,0.33508555,0.303657444,0.340205618,0.356412575,0.361928805,0.340903196,0.345934905,0.466251953,0.344907684,0.467710403,0.433014197
cg07059360,0.405874293,0.360784992,0.520565994,0.539448061,0.358797593,0.370243511,0.395835008,0.370649013,0.323698675,0.371478483,0.447639106,0.360288731,0.374008224,0.384907823,0.469075337,0.457278816,0.3858432,0.364112096,0.400308324,0.426189716,0.375575647,0.358129713,0.553745464,0.545678218,0.375192978,0.405826736,0.373207496,0.348633398,0.469896141,0.513748043,0.34084974,0.351756987,0.318932952,0.335892702
cg16005224,0.427687896,0.412283761,0.480752815,0.496053718,0.454166209,0.411285634,0.390986073,0.45972177,0.41522976,0.34430846,0.49679375,0.508848268,0.45368534,0.462922437,0.363261424,0.349602948,0.472302219,0.463246493,0.511129558,0.470838389,0.518579038,0.499201835,0.495944316,0.41618548,0.512114144,0.398231261,0.521157812,0.545909357,0.508500349,0.481583789,0.519100015,0.455280582,0.514999131,0.443711614
cg16853982,0.192556388,0.207255446,0.315004469,0.341379922,0.190226018,0.166871782,0.16515755,0.274556147,0.179579422,0.146156385,0.409686806,0.400705032,0.234764385,0.262761134,0.623790651,0.443642524,0.249853289,0.178266236,0.202345526,0.207925216,0.266537912,0.321702638,0.254642661,0.321540456,0.323697144,0.585032041,0.290078158,0.153580457,0.313759422,0.347021422,0.382814388,0.341027073,0.254291915,0.251477089
cg22584138,0.284878455,0.273376555,0.305428465,0.306363373,0.222786642,0.259230388,0.26242745,0.214835807,0.292108706,0.310421452,0.296390789,0.340438877,0.300631627,0.293963979,0.258679784,0.322487212,0.215031303,0.232272394,0.2954238,0.31487754,0.233171122,0.254268846,0.3176717,0.332698623,0.23985578,0.34405782,0.436077126,0.326618521,0.330889393,0.320678221,0.256119684,0.231870275,0.236942945,0.206476261
cg04743872,0.252314864,0.23286666,0.286724422,0.290868952,0.237787173,0.222043858,0.247576158,0.262141835,0.199970773,0.226896376,0.35513305,0.235739897,0.209765077,0.205237492,0.270529232,0.188282686,0.248810993,0.209736462,0.23974706,0.255509292,0.205055504,0.254354882,0.342770877,0.309521683,0.195885761,0.257390046,0.237269299,0.287868492,0.292851067,0.297799311,0.162103691,0.157729789,0.181624214,0.224215107
cg21993406,0.407376267,0.366440533,0.338604355,0.371020065,0.293324225,0.323158982,0.469156769,0.478842472,0.415587548,0.476664674,0.465313205,0.471913721,0.422319935,0.43361988,0.533468441,0.570879692,0.661403217,0.451846022,0.362949338,0.353033178,0.502639102,0.342470675,0.366310777,0.360346571,0.368895688,0.739247127,0.404135424,0.606329861,0.325847586,0.37284285,0.509988889,0.378455172,0.385869172,0.443395379
cg24975842,0.465777231,0.358490086,0.425349414,0.468501517,0.474795645,0.362218982,0.473202616,0.432728597,0.513243544,0.572723796,0.37933284,0.470468955,0.446344581,0.405243,0.4655687,0.485089719,0.431349685,0.392627301,0.486180176,0.463465045,0.386179748,0.471401161,0.498876892,0.46649858,0.431407946,0.358387576,0.446097072,0.435572271,0.469497745,0.441590907,0.518495215,0.406603021,0.454921837,0.425528841
cg11935638,0.254393478,0.313063572,0.30640464,0.332170723,0.250432848,0.282231165,0.271392255,0.270144666,0.225551719,0.236652694,0.277948539,0.282277372,0.27428426,0.281038181,0.318697864,0.291523826,0.268567039,0.271739313,0.322808358,0.339834085,0.262145709,0.287469258,0.308904335,0.270351272,0.307058656,0.199909206,0.280435033,0.311293098,0.32778911,0.317086778,0.342104343,0.370626781,0.27492604,0.270433001
cg24981018,0.520024425,0.563440392,0.546138969,0.531123246,0.492002292,0.541064989,0.588560873,0.595613886,0.51666355,0.488869397,0.495854319,0.452517245,0.535783783,0.527918532,0.468702468,0.445650175,0.523376453,0.536548402,0.550143033,0.528571595,0.523319517,0.471550195,0.533983651,0.499550989,0.559264573,0.662473204,0.525157898,0.468309235,0.505413793,0.498993439,0.515876263,0.537925788,0.554222492,0.555896864
cg10124201,0.4223022,0.436556023,0.508186089,0.501838732,0.416765211,0.437780308,0.440878423,0.448715011,0.377217823,0.356164252,0.436586638,0.469855337,0.342059223,0.410171278,0.37682229,0.367730578,0.385175855,0.387744553,0.508340748,0.500457904,0.503759751,0.409208965,0.405877058,0.417544333,0.453608115,0.403013037,0.382167099,0.32724096,0.453271694,0.464390793,0.369798063,0.430511244,0.412970581,0.38844227
cg27016307,0.243126954,0.300531675,0.502567679,0.515385538,0.265308926,0.243856857,0.412745345,0.412693308,0.222553161,0.21175574,0.309269442,0.400744991,0.507383862,0.465320201,0.388613092,0.417959824,0.368908255,0.376430308,0.421269348,0.464848689,0.438859813,0.463648346,0.373637571,0.355936532,0.373510583,0.375756534,0.383979725,0.378453891,0.466432123,0.459630499,0.475696694,0.410821452,0.553801132,0.581051959
cg04230060,0.651522385,0.694621194,0.583705134,0.63611467,0.350010183,0.302291468,0.598712505,0.678670174,0.456187686,0.457634771,0.486485922,0.486162595,0.542532245,0.482310293,0.53147053,0.542809414,0.619271196,0.5206223,0.590233439,0.592423474,0.489389555,0.474673353,0.55094704,0.457457447,0.489365603,0.518580777,0.485532647,0.365644424,0.635035048,0.658068011,0.495848645,0.538761621,0.510381851,0.481461633
cg01512854,0.425593719,0.375531045,0.355971296,0.388414671,0.309942061,0.31178278,0.452471868,0.361889445,0.275133495,0.264869373,0.239661449,0.338229968,0.314491248,0.316856787,0.408446499,0.255491001,0.350982126,0.297329661,0.392202162,0.353153224,0.341505653,0.306426564,0.41674646,0.412042786,0.28292924,0.078183996,0.355080514,0.380243199,0.393771096,0.394841744,0.349853946,0.30893027,0.349313131,0.302142483
cg03103192,0.490883029,0.470592965,0.477186328,0.509202277,0.456671357,0.498697268,0.437383569,0.442938718,0.394642607,0.408010508,0.494819307,0.4894702,0.455930372,0.519152602,0.560785462,0.492660123,0.380217507,0.411555099,0.493726737,0.452235492,0.462680282,0.488271528,0.472875914,0.462659351,0.451801114,0.538102184,0.565962545,0.465439595,0.506469634,0.517946079,0.406329432,0.549349648,0.505684411,0.582075206
cg24194775,0.571114972,0.638798226,0.633228156,0.774660834,0.443913226,0.474063764,0.664691043,0.679538248,0.54295759,0.608247244,0.438811873,0.387898117,0.596719751,0.610809893,0.873654498,0.862818465,0.598691407,0.552525913,0.630676285,0.574663819,0.467151159,0.522377317,0.632409595,0.550480951,0.391905655,0.290482934,0.608826747,0.347901237,0.556384005,0.500499825,0.505368729,0.692783529,0.441818766,0.571819713
cg21279601,0.299286078,0.3201847,0.255844045,0.315009377,0.225970566,0.236957912,0.261684709,0.288491963,0.224308907,0.199605898,0.244727486,0.275642652,0.281332985,0.208809208,0.286529232,0.27721252,0.32779422,0.313662958,0.299899462,0.252734734,0.224142607,0.265128607,0.336013697,0.318997484,0.263956241,0.271260407,0.217627933,0.165976248,0.255068296,0.285958737,0.323767723,0.254386683,0.245305921,0.276215431
cg10503234,0.433425136,0.353749666,0.445634742,0.440718895,0.429236775,0.309607732,0.442500167,0.395254794,0.375823025,0.330961817,0.247873767,0.347913411,0.301547797,0.346259235,0.408374963,0.41691915,0.344290446,0.343055774,0.33400518,0.386303257,0.406720465,0.380912861,0.362714119,0.446251357,0.386237419,0.432509034,0.341943963,0.262723304,0.351475174,0.366662934,0.284225923,0.284167087,0.359287393,0.424027191
cg15489301,0.387606885,0.398583886,0.34667467,0.399940218,0.355499458,0.367298795,0.316620295,0.308798447,0.439861106,0.372707242,0.414393163,0.378261016,0.36393255,0.424712857,0.215654399,0.420110795,0.352861361,0.344573537,0.334643697,0.37169125,0.406836652,0.380670161,0.384438165,0.468080879,0.340715158,0.785808562,0.361548477,0.495262648,0.326893946,0.308038862,0.50781835,0.398164717,0.39698968,0.418196062
cg03543593,0.308561354,0.468359433,0.314690328,0.317573707,0.320177381,0.321161401,0.380440083,0.29009434,0.385429861,0.391396233,0.458314512,0.391222451,0.405494684,0.406243479,0.390926988,0.408569049,0.323298487,0.275571907,0.280089317,0.270620538,0.393802815,0.318317118,0.352535953,0.371592819,0.378762737,0.418953355,0.407462074,0.331223198,0.436152647,0.323450026,0.406362599,0.321051861,0.384182462,0.361388414
cg24920358,0.30844134,0.321176432,0.437238334,0.448675969,0.419831445,0.372958943,0.418126229,0.396572112,0.289387602,0.25155708,0.261802089,0.303028559,0.366433048,0.351106966,0.284657213,0.278247682,0.446342902,0.318371748,0.480354735,0.473030986,0.341244009,0.475468819,0.408382017,0.436383494,0.437179035,0.586633137,0.341729822,0.157241301,0.395994619,0.325131031,0.486971071,0.49036894,0.279071205,0.283154363
cg24010952,0.294364167,0.334434765,0.316916696,0.351584216,0.240045425,0.207512504,0.27023474,0.272520321,0.231638784,0.280856028,0.269981162,0.450072784,0.332988163,0.281672903,0.326598485,0.338325953,0.385128444,0.334681883,0.296512911,0.280856776,0.249429961,0.253454878,0.331514739,0.295839404,0.338634176,0.263886729,0.398271689,0.398593174,0.325424255,0.314882109,0.32278233,0.313099516,0.366027161,0.336673028
cg14892768,0.294392979,0.341720401,0.289708295,0.345463044,0.23705241,0.218995066,0.304756882,0.26339984,0.214515649,0.219467611,0.199451054,0.236962279,0.328418891,0.361553052,0.416131097,0.275308166,0.251866803,0.227110425,0.284047383,0.283080562,0.34774672,0.297833506,0.348700528,0.356172959,0.234916762,0.268276103,0.315008315,0.322590152,0.365796059,0.353113189,0.29120768,0.266537675,0.28696089,0.299202639
cg18354264,0.367642485,0.378190173,0.520031629,0.530738037,0.31474108,0.320703032,0.372207956,0.367209856,0.287009209,0.257650304,0.322699644,0.382572379,0.406879053,0.371867945,0.361265216,0.429313276,0.295685069,0.253840618,0.424588341,0.409417597,0.293325278,0.345035469,0.390017474,0.36980329,0.335994282,0.240043642,0.313476223,0.234080524,0.373163144,0.345014308,0.352811763,0.278294307,0.249410787,0.297969721
cg14119236,0.418275939,0.400928467,0.410984497,0.407347309,0.404698176,0.362606049,0.446507454,0.413391378,0.356263584,0.389602039,0.357492612,0.301990797,0.45175309,0.367962853,0.363333524,0.356112478,0.397472358,0.388151352,0.443723029,0.352711191,0.422836677,0.387996757,0.417039015,0.40171744,0.322796323,0.688252928,0.531984677,0.35677943,0.358104092,0.37268598,0.598498338,0.564698492,0.564172521,0.530027488
cg03258472,0.379551502,0.416070381,0.44464452,0.452931802,0.36956533,0.380659406,0.43712998,0.400256737,0.272022776,0.319148405,0.357182535,0.328214144,0.412244782,0.439502645,0.457949279,0.47573439,0.355531829,0.310164826,0.418834744,0.399916471,0.419441765,0.346115511,0.437910511,0.396587449,0.368348545,0.396957461,0.363892814,0.378535211,0.412216021,0.443892359,0.398649333,0.480592006,0.462815774,0.440180998
cg07899016,0.465523585,0.404156257,0.364996362,0.431629589,0.371580985,0.349625249,0.400202902,0.437495313,0.347853643,0.363338837,0.395513131,0.391166027,0.381923985,0.346127242,0.432905205,0.303913067,0.467126032,0.316333901,0.385354992,0.401866481,0.275465144,0.45737247,0.388597276,0.413847696,0.432538693,0.406590853,0.369051768,0.384269637,0.374826669,0.391562451,0.373232408,0.294969765,0.414419413,0.377828087
cg10862848,0.647890492,0.589339106,0.524954524,0.623935333,0.693329954,0.680721516,0.63838311,0.65574894,0.515677424,0.563072257,0.6464523,0.594651329,0.575507925,0.570458141,0.644630402,0.550565098,0.683661104,0.691978834,0.708345027,0.683133239,0.577436013,0.584412528,0.616630664,0.66770341,0.60986005,0.746580715,0.706155006,0.738839984,0.623319562,0.562369991,0.636827579,0.702932072,0.61979392,0.647968482
cg13697378,0.510713697,0.552717534,0.506632013,0.521649578,0.510440213,0.496363187,0.536807383,0.510805102,0.54529735,0.556391771,0.562546117,0.50656296,0.548523901,0.551498829,0.53189715,0.507743097,0.52474238,0.461335116,0.535753329,0.525322571,0.585112393,0.53685035,0.546108697,0.467382286,0.485845407,0.409103559,0.546308363,0.57166754,0.485177364,0.495947873,0.563019106,0.550252839,0.524113626,0.520640858
cg24901474,0.337336966,0.411823412,0.410234929,0.345252573,0.353863169,0.391130013,0.356263213,0.393399702,0.396272901,0.424089285,0.409277372,0.397483933,0.488764043,0.354611022,0.599578034,0.418505664,0.414663631,0.461740351,0.439603876,0.410193541,0.460010295,0.476616775,0.300444937,0.38267087,0.441987794,0.44585855,0.564947706,0.511808393,0.375763304,0.428042571,0.460813323,0.472899988,0.493886585,0.495409761
cg10011623,0.331380477,0.29269646,0.354164533,0.384445529,0.344951844,0.298309588,0.339691637,0.335098463,0.341300404,0.337104993,0.50936932,0.518487488,0.607818558,0.441597119,0.619670876,0.404840858,0.397229156,0.402319681,0.340141413,0.333545467,0.505704426,0.420949039,0.414135735,0.32928446,0.464946736,0.494638734,0.515097277,0.497422017,0.344777871,0.323187674,0.407380503,0.463311406,0.444256047,0.434093294
cg10078829,0.360327917,0.390671321,0.384821134,0.40802086,0.367864528,0.385131134,0.349702946,0.416795898,0.323537007,0.321893174,0.376878306,0.407381939,0.381412418,0.451589491,0.373323291,0.396359094,0.350114227,0.285316685,0.413221643,0.379264292,0.379528188,0.404648764,0.369245614,0.464743042,0.381081762,0.431655176,0.434178484,0.331498651,0.318618118,0.360439249,0.350869015,0.40293557,0.324612701,0.314189521
cg20050113,0.519814084,0.52716896,0.613151005,0.635571698,0.263768726,0.375292317,0.40621606,0.397848402,0.441661521,0.383606058,0.454444576,0.546661385,0.427742593,0.35880813,0.49404625,0.397853071,0.488786343,0.508294269,0.388131227,0.407038001,0.429864845,0.438813554,0.668802191,0.55304056,0.465546641,0.599204188,0.504059503,0.481416999,0.465893889,0.511185043,0.489837467,0.568622633,0.480646499,0.521348237
cg04376312,0.307884079,0.321264616,0.291459664,0.322221688,0.253768733,0.301165494,0.326607676,0.283256883,0.305461446,0.294508741,0.415064995,0.345254765,0.340944013,0.331843101,0.352128384,0.428853457,0.368980596,0.272510581,0.315232223,0.303309673,0.339246236,0.374178903,0.371561185,0.470678695,0.329596134,0.309293706,0.262388624,0.105371394,0.314051277,0.337948913,0.368530494,0.331051865,0.370303449,0.327529101
cg18481241,0.433264008,0.438191001,0.569629487,0.577251826,0.494308707,0.417923681,0.46040529,0.508449001,0.521332976,0.593590001,0.716862889,0.621895975,0.738613209,0.530792199,0.661620596,0.714338562,0.683485704,0.687591827,0.454576891,0.389044272,0.65262775,0.477120654,0.59593915,0.503851515,0.618252894,0.701975623,0.606364646,0.574578914,0.52195599,0.511375268,0.580117155,0.56493521,0.55752621,0.536451095
cg24346429,0.511301601,0.545944118,0.537589663,0.592022612,0.541272496,0.564224522,0.501696243,0.545049682,0.554084937,0.509299886,0.507062787,0.527093078,0.554803014,0.516016577,0.69522266,0.524841534,0.555369212,0.505573026,0.474071769,0.472704835,0.5287723,0.509115164,0.539983955,0.579536093,0.580936464,0.517802437,0.502394175,0.567838201,0.487774906,0.58001838,0.490397522,0.566866001,0.518276949,0.517152123
cg02196655,0.523053848,0.495445979,0.449811552,0.50270671,0.310546891,0.380162267,0.352295633,0.332600119,0.452899439,0.490305926,0.405946927,0.395859682,0.318270516,0.253904932,0.316827345,0.475193009,0.555309994,0.422082759,0.350580753,0.331191205,0.164089729,0.504634152,0.548332176,0.616171094,0.29427421,0.368655021,0.430820308,0.430850147,0.441181648,0.532090709,0.331883656,0.308895067,0.466556565,0.463963237
cg09511421,0.488999713,0.454176322,0.362893974,0.355251218,0.445463729,0.403763198,0.412877222,0.444397589,0.437944773,0.479026472,0.359202647,0.583072021,0.409899301,0.501297366,0.418688368,0.328820368,0.549322854,0.435646101,0.431627554,0.430323878,0.358359445,0.41439804,0.385630272,0.30917946,0.475113208,0.2932154,0.409514418,0.455243383,0.454387958,0.42722433,0.655457564,0.449282345,0.50558371,0.50684692
cg14944362,0.339681782,0.396905891,0.359397896,0.374947528,0.328976164,0.302726214,0.364661463,0.330567739,0.342483216,0.333831603,0.365324865,0.372398195,0.350845265,0.366651442,0.412768154,0.331031619,0.363282684,0.325361756,0.332794565,0.362039188,0.370053156,0.342013828,0.322537235,0.337631222,0.382524492,0.290304829,0.364311772,0.363015961,0.345469032,0.341648971,0.355025305,0.425207949,0.365087033,0.361041086
cg21151355,0.302969345,0.300976345,0.29486047,0.265281861,0.321220225,0.417182138,0.332470947,0.33932988,0.35414249,0.465220789,0.390566995,0.303543273,0.461053109,0.396291496,0.36405317,0.420598097,0.427256559,0.380877212,0.372698325,0.399436258,0.416709449,0.426092868,0.261537158,0.281457162,0.286330573,0.433059212,0.344527982,0.590758177,0.402544361,0.341000215,0.54214492,0.438956321,0.34265454,0.388801064
cg04640913,0.321194121,0.450478229,0.417066396,0.476333105,0.425419332,0.386513375,0.37396308,0.436387803,0.429059872,0.371700242,0.431595186,0.411420477,0.393487796,0.40426946,0.371621242,0.385171806,0.407918907,0.37543677,0.4006936,0.376470067,0.493116336,0.445060808,0.483793404,0.41638481,0.44178978,0.507729926,0.429965403,0.390845566,0.446757864,0.461443685,0.432647679,0.394900377,0.450668781,0.402380196
cg04375683,0.354919577,0.341862116,0.463614718,0.447949871,0.339939735,0.335091017,0.314557491,0.314962056,0.256238166,0.226226525,0.408220501,0.362476762,0.409061567,0.442609301,0.339978097,0.452616752,0.359496747,0.385597173,0.260615451,0.255375491,0.45664232,0.405099658,0.495170754,0.450016792,0.26488598,0.351414532,0.422993639,0.451951597,0.465162132,0.476521729,0.363379706,0.35805889,0.458257689,0.450894849
cg08586737,0.348695946,0.341393108,0.386050876,0.322304842,0.339113417,0.29935136,0.274672863,0.353204702,0.35547837,0.474249082,0.39213937,0.297433154,0.351421296,0.417613011,0.428195877,0.390666595,0.428547103,0.374053108,0.38314452,0.378896524,0.534622363,0.376882816,0.375501458,0.364105568,0.345552697,0.358061563,0.350146176,0.33072441,0.334693516,0.383347865,0.361690459,0.404059178,0.404050022,0.35848701
cg11524446,0.440340925,0.475515102,0.410448121,0.503518221,0.403776714,0.462730884,0.430548069,0.472245196,0.415464664,0.414030736,0.349854628,0.418162599,0.439085413,0.48955436,0.512514768,0.409177876,0.528628582,0.423993873,0.453856448,0.426429601,0.512979852,0.266015739,0.424750469,0.474376841,0.382214318,0.496624161,0.310334713,0.501049916,0.49427589,0.445925324,0.407884439,0.33910747,0.411372152,0.471402398
cg06039392,0.269033541,0.267909672,0.395599034,0.409923416,0.239722678,0.254096265,0.228507287,0.260453366,0.218693881,0.234419484,0.288172217,0.272338188,0.269715697,0.271077641,0.228064201,0.330260378,0.206522045,0.300496155,0.261871323,0.231893287,0.248640165,0.344604773,0.354486364,0.35802524,0.316354111,0.321732046,0.300327071,0.324943622,0.340357962,0.398078989,0.22027731,0.256699496,0.274704834,0.25827817
cg18087477,0.382007077,0.38999422,0.377931265,0.433776278,0.355293888,0.400094678,0.255302716,0.284015982,0.257679509,0.308026629,0.478294675,0.42062536,0.351070069,0.347422581,0.369699019,0.383792596,0.416986749,0.369689575,0.439129599,0.455146904,0.393743403,0.429759801,0.39005105,0.423485011,0.312331312,0.170640642,0.385304452,0.461510269,0.416304581,0.418519152,0.292438961,0.370783207,0.31474701,0.322569737
cg25831111,0.488322519,0.412226507,0.493097446,0.491247995,0.442588378,0.37308658,0.444934501,0.42385166,0.308773772,0.376313732,0.469496082,0.464609299,0.378260064,0.407281188,0.597175772,0.498523429,0.427997578,0.47861189,0.474071843,0.495367395,0.33627988,0.370178148,0.53850305,0.40803582,0.445305187,0.422311371,0.427013403,0.51203765,0.494867778,0.512906048,0.353325564,0.338734586,0.37964069,0.480153408
cg11809091,0.422988768,0.356658047,0.38402074,0.340135046,0.345197509,0.359793055,0.407581629,0.364704779,0.333806697,0.337547567,0.463019316,0.361359426,0.404365095,0.426702711,0.295715545,0.401263986,0.274290548,0.348459319,0.332105202,0.345692219,0.436564234,0.355695192,0.357383401,0.286429182,0.346878505,0.276921135,0.398691655,0.368355901,0.306058406,0.4021759,0.444832085,0.43649459,0.398792532,0.414303716
cg19668234,0.474274752,0.434060481,0.379875729,0.359993021,0.361056706,0.435722128,0.384255804,0.393713467,0.496653636,0.548929115,0.551052678,0.581960355,0.490529871,0.495037173,0.201077981,0.14588213,0.377030505,0.40740713,0.458588815,0.474154437,0.376902354,0.445604805,0.514744623,0.547522936,0.452692112,0.531695974,0.39086076,0.355318286,0.511346377,0.478001242,0.358066184,0.502916975,0.583526539,0.530678707
cg11511443,0.340156767,0.348008213,0.544537329,0.656661507,0.384248247,0.428771637,0.442049075,0.440229726,0.312016778,0.564714666,0.379691717,0.396608308,0.416528683,0.431407686,0.579798311,0.313753285,0.45316527,0.428620883,0.427425595,0.410830237,0.433974821,0.408906603,0.68373968,0.580547533,0.361248251,0.423243821,0.407484936,0.382927342,0.503118343,0.549976988,0.419616668,0.343845385,0.370679398,0.414417223
cg26057752,0.388022617,0.407661988,0.352358319,0.371186904,0.31170847,0.300047791,0.411416825,0.339892271,0.275975385,0.296026009,0.212801059,0.215074231,0.374813286,0.359565493,0.281918942,0.213724588,0.291020507,0.312827944,0.427343453,0.411833803,0.374389294,0.412784298,0.376250774,0.406374076,0.535997191,0.499582823,0.396676544,0.291968286,0.476453617,0.447527303,0.232446127,0.335882789,0.45437199,0.406399438
cg13228642,0.497671434,0.5190395,0.518313383,0.458130029,0.381216147,0.422541363,0.44231282,0.47086112,0.410112581,0.406019273,0.470749633,0.484588086,0.548512299,0.442236529,0.522070584,0.507760293,0.719731514,0.508605,0.426926594,0.441000466,0.544714273,0.614822505,0.413965362,0.40309752,0.520215286,0.521813324,0.490329818,0.771686627,0.408621475,0.396676427,0.361614987,0.621320391,0.532628925,0.542628405
cg00643392,0.276683477,0.301089097,0.347965382,0.345365895,0.295337146,0.292911539,0.337623929,0.296556473,0.262087982,0.313480653,0.266687757,0.343507325,0.288981319,0.309692515,0.346470809,0.274735698,0.343774181,0.25447729,0.392835705,0.367202096,0.33502694,0.305967034,0.288646951,0.286736966,0.324535044,0.215671281,0.258683921,0.1384877,0.353109377,0.338713849,0.313332843,0.305785975,0.310527265,0.287371465
cg16547529,0.522386141,0.392654716,0.499329437,0.523937521,0.308636107,0.272711224,0.52323465,0.375043665,0.456920936,0.486438457,0.419131649,0.462730309,0.496596978,0.546658632,0.46215971,0.504443226,0.510600617,0.450026606,0.488776618,0.480031589,0.396249703,0.456754384,0.451824863,0.540624055,0.454476256,0.538623572,0.465974088,0.496924133,0.509253566,0.517065134,0.469370154,0.437136939,0.417240407,0.453569234
cg25447894,0.431823698,0.479879846,0.414019953,0.424745221,0.436410198,0.378043439,0.439212444,0.427146056,0.324623745,0.35401725,0.389210864,0.468788574,0.517434767,0.576109164,0.419763012,0.27177987,0.435653805,0.368413865,0.440431698,0.413314525,0.46416734,0.437099044,0.370841313,0.311148471,0.440292741,0.338079877,0.438284918,0.546888114,0.350408219,0.353036714,0.388729652,0.512477128,0.46981378,0.456983922
cg08388746,0.233355598,0.257044185,0.383564019,0.43170525,0.258150101,0.23835389,0.251541229,0.240192444,0.254730188,0.264658017,0.300340098,0.290007761,0.295767503,0.349752603,0.283164979,0.160930692,0.237850095,0.275805639,0.219811679,0.258082569,0.318091277,0.299242537,0.487422562,0.444533545,0.327694403,0.229256444,0.305934912,0.322400416,0.481507952,0.414180371,0.331634193,0.368576837,0.259950512,0.292443145
cg17414107,0.41437019,0.483374662,0.448478013,0.425648649,0.517083037,0.489862548,0.50720399,0.515300594,0.431765325,0.488695742,0.559946123,0.574713084,0.537609307,0.558411824,0.528426974,0.512505045,0.418314913,0.446169356,0.348838967,0.354705982,0.461136362,0.51026029,0.43105149,0.479265809,0.449214103,0.37746883,0.558183405,0.62227456,0.40334044,0.381730275,0.597339091,0.553903859,0.450464869,0.488285863
cg22778145,0.339155964,0.394683916,0.507556856,0.499740357,0.364943039,0.341350172,0.398587055,0.365280563,0.357451877,0.351882706,0.3437105,0.383279641,0.323125942,0.316842207,0.342472202,0.273138015,0.375958322,0.351060782,0.346968182,0.338020631,0.370839569,0.382779765,0.441373985,0.567919338,0.389284019,0.349741429,0.359813469,0.47873779,0.487438566,0.523008125,0.407834531,0.309533908,0.308069946,0.347614396
cg25340403,0.499238409,0.463079987,0.454816771,0.499881132,0.449357054,0.438278171,0.447534075,0.423062876,0.400128869,0.345364329,0.343091236,0.442893998,0.459630019,0.349378027,0.338559717,0.449865275,0.437004079,0.424298751,0.520155809,0.489750519,0.506425757,0.46676038,0.46186584,0.415904667,0.393846545,0.371349532,0.412780796,0.269415265,0.502198761,0.462154706,0.376228347,0.396583456,0.373409616,0.410255634
cg03099771,0.495246032,0.436888892,0.492351174,0.473646013,0.37904074,0.379561577,0.426188499,0.410539453,0.433945853,0.358809651,0.446803902,0.466661489,0.525631196,0.455604112,0.497511553,0.495713136,0.509117533,0.527911882,0.459536973,0.510014869,0.385635263,0.521873462,0.440254825,0.485403137,0.503477456,0.509097257,0.417261573,0.488887741,0.523734056,0.526848853,0.37711482,0.434297934,0.422763955,0.486727429
cg15658426,0.347941146,0.374489144,0.333168611,0.316043601,0.306147746,0.300348764,0.333735495,0.38818883,0.342998715,0.355906997,0.317502297,0.362487302,0.407435008,0.383491268,0.429199354,0.54149548,0.43752345,0.318820959,0.40290574,0.397248989,0.403162142,0.360145465,0.414623729,0.437100515,0.355405716,0.35195996,0.390788327,0.340661896,0.32292807,0.364879032,0.346270023,0.307786872,0.281711343,0.423491611
cg03400060,0.506405457,0.482476257,0.476134903,0.479377447,0.494974471,0.45378265,0.468908368,0.407177091,0.271439948,0.235063498,0.521014868,0.50641351,0.440228807,0.465661623,0.474057152,0.378918769,0.411107037,0.373151555,0.529146098,0.485378878,0.580017847,0.594898257,0.423574879,0.429618827,0.425549118,0.391038937,0.410431723,0.287936997,0.583834081,0.575438735,0.642309643,0.599474107,0.456387017,0.470129431
cg19620294,0.421110708,0.423629512,0.413389922,0.410410298,0.411514699,0.40239089,0.418484662,0.435588946,0.458147884,0.449874611,0.45484606,0.415214674,0.40155526,0.4457628,0.500288867,0.432708063,0.444814548,0.431135863,0.461031053,0.453667427,0.431862259,0.401511682,0.410594146,0.413933005,0.365119368,0.380998247,0.424857387,0.427648249,0.440644186,0.440798795,0.354064136,0.429721546,0.363414618,0.377100253
cg10562586,0.336263857,0.340353674,0.549296281,0.573716308,0.3692911,0.366581042,0.311753865,0.329242741,0.400000356,0.376691634,0.397571913,0.462856986,0.340374204,0.37143906,0.343739016,0.39076483,0.30058435,0.372973073,0.449755301,0.439834061,0.375384286,0.422252499,0.635165641,0.583647663,0.396743101,0.446957065,0.366413413,0.443923232,0.53721265,0.551750635,0.47790819,0.466723389,0.41567928,0.40060422
cg02498063,0.305631372,0.399180469,0.520943824,0.431976075,0.429341848,0.343044658,0.400313189,0.419895423,0.467733432,0.429510054,0.540219073,0.427488169,0.507933886,0.511836555,0.509815785,0.598768792,0.519678521,0.413444621,0.397880657,0.441185622,0.483949395,0.50764722,0.46248634,0.530789899,0.455410597,0.521161797,0.526423618,0.521674876,0.481472779,0.456908097,0.433646887,0.453968849,0.439573861,0.491890247
cg06020352,0.412377971,0.448178908,0.45323905,0.449344164,0.398641649,0.366717803,0.396479797,0.413306192,0.430012421,0.385079565,0.392696998,0.383519606,0.421737995,0.419204397,0.452454947,0.36204862,0.437948256,0.385728774,0.428851785,0.423425493,0.374588742,0.338953949,0.458367693,0.457548367,0.432280164,0.454332364,0.401127361,0.389927222,0.430387313,0.411995908,0.352721197,0.299363942,0.426051068,0.381176077
cg16321029,0.533801722,0.551278255,0.425379011,0.420122853,0.462771197,0.438269512,0.439382045,0.423752767,0.469090173,0.460838695,0.489623161,0.45287226,0.408253446,0.495248209,0.490342753,0.46697705,0.486835012,0.48236628,0.451224531,0.460450244,0.640923224,0.493647555,0.430121801,0.467179021,0.458974144,0.400802763,0.475753032,0.445041523,0.447967596,0.440778073,0.469275887,0.404913622,0.444535476,0.444114238
cg10135717,0.476348849,0.508996773,0.468290883,0.484481926,0.427744996,0.434650261,0.438345909,0.417731171,0.381063644,0.402273085,0.545575258,0.510764774,0.496662649,0.413434381,0.589864227,0.486229366,0.510861123,0.497336438,0.543473704,0.494070772,0.374843897,0.397956327,0.455078668,0.530380266,0.45856938,0.26862277,0.44714487,0.476230536,0.485634071,0.443473614,0.540651376,0.460464954,0.485010745,0.494689023
cg14646244,0.289065527,0.316787935,0.306241525,0.227046444,0.262473109,0.27549915,0.26393273,0.243258062,0.471366953,0.253166153,0.376201842,0.341626637,0.304275905,0.328902347,0.340014573,0.365336257,0.359767687,0.24834459,0.291008981,0.284121298,0.389090211,0.400487832,0.366098292,0.330919252,0.247288014,0.607834971,0.296096474,0.299952435,0.372492216,0.260793372,0.314215805,0.19665486,0.327971824,0.325258968
cg11052143,0.451792775,0.517108433,0.52172081,0.551798547,0.419048388,0.434365245,0.401506207,0.467322056,0.281597108,0.302863247,0.539443066,0.400273538,0.512504956,0.560867671,0.39949756,0.509023018,0.441493196,0.357684768,0.485611387,0.442702498,0.596604485,0.542137884,0.51422676,0.504412576,0.438078209,0.50037299,0.497598567,0.305868179,0.441708339,0.508542476,0.563184938,0.579284264,0.414811042,0.464174487
cg17387870,0.471279036,0.492880677,0.453044429,0.487738451,0.397053907,0.451033432,0.539916833,0.500234613,0.469348718,0.509267243,0.413725934,0.452945672,0.500640708,0.458997154,0.402479728,0.503877576,0.524148416,0.434561501,0.525578401,0.507582975,0.523945916,0.444382878,0.454700419,0.474279637,0.456159707,0.459637311,0.512340483,0.441146415,0.504400122,0.492962867,0.581731256,0.465953067,0.403361278,0.410471177
cg16372520,0.472519249,0.516903611,0.402991735,0.447003436,0.442389008,0.449695911,0.501042673,0.442051004,0.471577893,0.441849069,0.4949642,0.479888316,0.48367319,0.419562413,0.507810634,0.534171929,0.438361055,0.467641201,0.514965025,0.466323348,0.504575147,0.434505701,0.490238281,0.479875623,0.490260874,0.385718298,0.47076266,0.598366341,0.425980324,0.471280775,0.437611321,0.477548539,0.530520699,0.50384385
cg22549408,0.429311701,0.451612277,0.577596577,0.635547685,0.338581728,0.321533872,0.502044574,0.507063302,0.337778162,0.45669753,0.487400295,0.406073373,0.600356031,0.529307781,0.29248897,0.3559169,0.550520444,0.492695295,0.590606796,0.578133524,0.392017872,0.574090127,0.565204836,0.590467395,0.354299341,0.231545788,0.446335647,0.231027188,0.376544939,0.41943405,0.358768356,0.419923186,0.473600992,0.532821499
cg18474934,0.558979993,0.564154768,0.611773072,0.59466351,0.498092406,0.450463426,0.484593392,0.539021436,0.549788672,0.643414024,0.655584439,0.566657381,0.546213629,0.567625617,0.616829501,0.521033084,0.505791272,0.557936603,0.530032222,0.531744124,0.574139855,0.421195227,0.601935135,0.509221331,0.507862132,0.54324175,0.615370282,0.626413395,0.577027558,0.576273402,0.694713849,0.709505069,0.502096953,0.529262308
cg09538287,0.430178282,0.45914604,0.499197878,0.557103684,0.433159533,0.338176067,0.470783871,0.436452928,0.387475988,0.406380392,0.476521629,0.44710166,0.388293227,0.433485477,0.421559029,0.402385316,0.419695562,0.335132948,0.339197617,0.368253702,0.465686619,0.403224287,0.534440801,0.456287438,0.500770733,0.66910324,0.460161965,0.493448319,0.415284776,0.377963945,0.385514821,0.440689961,0.376858261,0.383397641
cg05072008,0.392045688,0.364725471,0.557068286,0.518695273,0.355858714,0.325108877,0.413411835,0.303418512,0.313117813,0.383776813,0.509327926,0.511823042,0.431703234,0.482318011,0.517595471,0.292719076,0.386769831,0.382728579,0.404576436,0.413690502,0.435002707,0.458650999,0.518573526,0.597920532,0.417996151,0.258676582,0.362310253,0.325890334,0.500926643,0.50333168,0.336937862,0.294732291,0.349150348,0.370681227
cg01601573,0.466731732,0.450195551,0.486218835,0.462799785,0.483169037,0.448834546,0.488117097,0.423369534,0.302232719,0.313098404,0.472944166,0.460608736,0.404890351,0.397225867,0.462836731,0.465841737,0.451986613,0.360818002,0.4303229,0.436746777,0.372250218,0.476627666,0.52908563,0.510660694,0.444958265,0.460264139,0.414929007,0.418079336,0.516326403,0.535512322,0.457382825,0.506227183,0.369499496,0.416523068
cg14396117,0.477152828,0.475147759,0.42377313,0.405036424,0.463639961,0.466412045,0.45429279,0.410210425,0.425250224,0.474277332,0.397733177,0.468525218,0.466190399,0.561551203,0.711651523,0.558293517,0.381122823,0.607167567,0.410973534,0.407756969,0.558668297,0.562991229,0.412677707,0.425546229,0.452957468,0.555250033,0.507550642,0.817936717,0.41691567,0.402870866,0.574205883,0.534452205,0.694032252,0.638123929
cg21081971,0.514913011,0.496603741,0.495896503,0.520190843,0.452117764,0.408449331,0.440830964,0.539879071,0.449372418,0.459576283,0.374226913,0.544249555,0.438152828,0.457244936,0.400261024,0.309070327,0.554237965,0.480430463,0.498563333,0.489510877,0.513884566,0.413210597,0.450593403,0.39252013,0.491004754,0.630794683,0.434763028,0.561477384,0.477441163,0.441268611,0.49659505,0.509729645,0.491844295,0.494341177
cg17356252,0.453313658,0.482114435,0.527337803,0.546032958,0.395551156,0.372751835,0.578686785,0.602154981,0.463056559,0.428863825,0.482499839,0.530056051,0.556218217,0.560543137,0.626010025,0.585678845,0.517060254,0.410039795,0.451795505,0.417758312,0.710582457,0.611807231,0.619963374,0.600398699,0.420604754,0.425236923,0.539086529,0.675582176,0.540415581,0.562213007,0.597129371,0.631898105,0.649917852,0.579073631
cg00729875,0.296938732,0.31133515,0.387556743,0.446147069,0.310133097,0.296782377,0.392582744,0.327999026,0.306704357,0.365484409,0.363257043,0.325579669,0.391643203,0.429351,0.423424636,0.276513856,0.301687864,0.283163468,0.281065779,0.281622768,0.276118288,0.278538017,0.427975959,0.41306308,0.253270997,0.315363058,0.36967901,0.332627019,0.41104701,0.438839094,0.435284313,0.350418715,0.292848743,0.323613062
cg01136458,0.576795164,0.425606085,0.542614083,0.536656888,0.4710563,0.565904188,0.477462422,0.493410336,0.45444238,0.468873604,0.428805776,0.503383674,0.516376127,0.488303034,0.636636678,0.532787892,0.504398157,0.481605152,0.523905817,0.595704244,0.472406784,0.601226828,0.610107264,0.541738706,0.477104376,0.551476819,0.54417498,0.413354395,0.595626084,0.592763683,0.448732362,0.673179049,0.456124673,0.547466701
cg27417997,0.356540241,0.368289921,0.523002857,0.523840024,0.411408569,0.427595041,0.351060667,0.328576262,0.345289413,0.366801297,0.357556686,0.461023889,0.366541452,0.414851258,0.38010768,0.316350172,0.390816394,0.277831235,0.295096047,0.320928224,0.425325843,0.435041513,0.413553196,0.51436693,0.35590044,0.495426083,0.379273259,0.393139001,0.492023777,0.487743687,0.405062343,0.426064896,0.413759681,0.374072822
cg03962522,0.387168625,0.633055641,0.336479887,0.341441784,0.325142303,0.272981154,0.396741585,0.486221769,0.586234243,0.629106189,0.360897517,0.431601087,0.537001214,0.667021927,0.391057048,0.378501846,0.481572716,0.587025517,0.607218462,0.605501809,0.596998847,0.481495611,0.411332612,0.259252647,0.474357903,0.468742633,0.55881847,0.613377625,0.595862825,0.578122763,0.653544247,0.671343978,0.554953107,0.588710495
cg21096966,0.410814223,0.415433671,0.477120041,0.52373363,0.514643339,0.554180424,0.409148328,0.455410548,0.514775827,0.611861052,0.581269317,0.544980165,0.579660902,0.582453512,0.648500088,0.715018584,0.547420786,0.532996332,0.425980727,0.409243697,0.526418869,0.499283599,0.475991014,0.492475779,0.404088542,0.393790178,0.62875109,0.556456268,0.423623466,0.487187264,0.38528523,0.352937257,0.483570144,0.464410528
cg15517609,0.324616965,0.278331198,0.382449656,0.371113255,0.282910475,0.346817351,0.351097166,0.367067305,0.304198793,0.307794209,0.413742766,0.323768473,0.377710425,0.392708004,0.367762682,0.374248147,0.373531944,0.287230585,0.374565932,0.379290206,0.375103807,0.366956481,0.36728643,0.335397352,0.327934127,0.361351332,0.366993517,0.276086929,0.326939491,0.315034245,0.374764364,0.323926407,0.359672716,0.41153823
cg00615241,0.45292912,0.433370594,0.714346182,0.681536227,0.455439135,0.45294121,0.401690299,0.580852762,0.519031517,0.537938479,0.438796516,0.426869786,0.573121564,0.613996462,0.526899151,0.567127757,0.539556761,0.486597353,0.513855721,0.516895865,0.547626294,0.301004585,0.619984679,0.634413894,0.526166868,0.364142222,0.713978248,0.690431802,0.547454303,0.57471295,0.412301818,0.519683122,0.539939844,0.562098236
cg24362016,0.356292105,0.364247636,0.436317679,0.440859993,0.272275482,0.284836393,0.30716434,0.342695054,0.338304849,0.377144639,0.310410847,0.341453413,0.403340283,0.434422426,0.351601486,0.367059336,0.335226879,0.375613953,0.351029887,0.358784278,0.373141262,0.368506604,0.332586392,0.39717943,0.346801576,0.395096167,0.334312202,0.30445531,0.384875083,0.389712607,0.346221201,0.406956044,0.324465738,0.43048139
cg17940740,0.500101402,0.462635539,0.558907108,0.574420328,0.425250202,0.43854349,0.48098061,0.405817821,0.361389075,0.377864569,0.52371582,0.514845907,0.39150184,0.431192205,0.469369475,0.553102586,0.551291965,0.30801608,0.684426104,0.682765381,0.510724632,0.396375094,0.477539254,0.55959506,0.515982923,0.387760634,0.397760315,0.237272981,0.493076507,0.539346357,0.407050337,0.517035443,0.433799298,0.484872977
cg23606079,0.557107712,0.490529809,0.578107576,0.564226622,0.533440037,0.515202011,0.586198876,0.571733552,0.392987306,0.383992361,0.529698328,0.443092762,0.453798169,0.47489373,0.511715866,0.498255035,0.702773257,0.459607135,0.578210625,0.595478015,0.480454868,0.496913533,0.487313327,0.53629093,0.566371328,0.554204278,0.513150807,0.616897904,0.512780103,0.550153508,0.511251343,0.476193105,0.508248737,0.534449282
cg02061229,0.3666583,0.341646844,0.399898154,0.282617439,0.4707809,0.389156866,0.376020841,0.378196799,0.435172768,0.374244344,0.396237061,0.310584688,0.399817061,0.345804747,0.281292219,0.377015878,0.236240768,0.330889945,0.415110718,0.402797803,0.415819356,0.38188556,0.377476232,0.402052852,0.338153731,0.384353017,0.37566936,0.408892446,0.325772025,0.271630504,0.328364316,0.39862271,0.356749628,0.369058143
cg13560436,0.402007358,0.431254929,0.436231709,0.380888611,0.431851914,0.440394051,0.399687702,0.407347057,0.38330455,0.423375738,0.360286584,0.352411685,0.460110837,0.387476601,0.463397581,0.460918425,0.339565432,0.293205819,0.409431385,0.414821066,0.304366951,0.464658278,0.414520746,0.438389793,0.373491351,0.404172558,0.3241435,0.214289252,0.424291631,0.50168401,0.580872294,0.368204612,0.405872202,0.314377132
cg21870668,0.56201197,0.579334335,0.26519523,0.396408869,0.393599973,0.636097066,0.430600244,0.386533094,0.403618735,0.398714284,0.330200003,0.338621975,0.364195506,0.395455788,0.387392242,0.345755398,0.47890968,0.444337936,0.395641811,0.37798864,0.494616119,0.567619822,0.399645498,0.359387087,0.496245773,0.559068361,0.397960075,0.397220945,0.303118408,0.352564678,0.40927624,0.438878082,0.387191586,0.398103741
cg04803153,0.385358454,0.497437526,0.331536871,0.382796128,0.377860017,0.386577115,0.374349299,0.367865044,0.338195122,0.528242512,0.367322917,0.359066001,0.396035198,0.382470051,0.438269518,0.467050986,0.355268434,0.381825908,0.392811301,0.353598882,0.379116362,0.347355553,0.472486475,0.403829514,0.384091057,0.529191504,0.459185971,0.415633862,0.371126266,0.420417166,0.333050122,0.337735598,0.343297047,0.393147835
cg24642468,0.535001092,0.535627665,0.491258609,0.513529717,0.542944054,0.54303491,0.492735098,0.586230175,0.501677618,0.440115228,0.571680789,0.505412615,0.526323693,0.419573461,0.504163858,0.571354445,0.56168467,0.59062974,0.517839474,0.533502754,0.515676028,0.566245681,0.533114723,0.543185809,0.597641407,0.696012616,0.536533941,0.495394828,0.492763759,0.5,0.704052374,0.548655486,0.531731297,0.502447124
cg18133957,0.584856756,0.567973072,0.531459017,0.539314107,0.600875164,0.598233635,0.679267382,0.690974806,0.497927033,0.543749126,0.496406804,0.530586359,0.664048631,0.618616945,0.575415709,0.584846479,0.68423662,0.673760966,0.74208488,0.717942745,0.621963837,0.645632816,0.532142721,0.498266416,0.616616788,0.672697451,0.586792519,0.45579285,0.530539877,0.550140162,0.535609242,0.507446174,0.613623878,0.62088951
cg22463915,0.504741009,0.500747234,0.500608355,0.498638167,0.424102378,0.463662415,0.535517227,0.599033781,0.402761945,0.402360836,0.444378609,0.453429324,0.54777895,0.613755609,0.325632488,0.340366217,0.440746809,0.390713167,0.511494253,0.519442965,0.437547543,0.512326115,0.505293485,0.539582028,0.451717412,0.469951566,0.483065265,0.394602217,0.471036277,0.506388409,0.392478952,0.37230812,0.532896273,0.49463604
cg20066612,0.374285342,0.45180815,0.398069431,0.383358283,0.310972698,0.419811081,0.632827395,0.477899848,0.42165834,0.400537195,0.38806942,0.369539234,0.507479178,0.514504832,0.521832909,0.460042512,0.455982625,0.420484344,0.468236724,0.468664007,0.397228374,0.415028552,0.300875259,0.495024339,0.455102014,0.369123644,0.42509207,0.550863535,0.409546267,0.396654139,0.460479292,0.410436995,0.455604177,0.404831441
cg09971646,0.609540218,0.656931445,0.65357629,0.65581574,0.554597459,0.5415456,0.590353725,0.623287155,0.547095992,0.526930431,0.442485501,0.421739688,0.392643403,0.416989719,0.593133883,0.582746912,0.512855614,0.543929034,0.555768459,0.549113009,0.711527913,0.515868593,0.539069978,0.582025092,0.570148813,0.685262821,0.617445685,0.555602798,0.412333514,0.402043465,0.433220514,0.470454317,0.476470365,0.527054021
cg04259560,0.321909263,0.33769364,0.640634908,0.614468812,0.35024055,0.348506646,0.29023691,0.406292431,0.466108985,0.450167321,0.586995606,0.553693238,0.516070444,0.513323458,0.555096595,0.523250442,0.511122688,0.458061013,0.341671066,0.389535224,0.476637727,0.445979753,0.384177434,0.383849406,0.385201028,0.454767551,0.552916133,0.563216947,0.508464428,0.479151882,0.510039661,0.602397722,0.692686083,0.699479982
cg23065097,0.561718135,0.456875848,0.505510952,0.577650991,0.500853911,0.500326637,0.4201652,0.503017941,0.464507337,0.437736014,0.520940615,0.559162131,0.438597158,0.461472349,0.482537416,0.51388824,0.571097008,0.428113502,0.6181525,0.659118782,0.471100933,0.487425879,0.503720225,0.522936146,0.563024346,0.692600436,0.521924202,0.422534423,0.55805882,0.599920567,0.457658295,0.418707817,0.482859709,0.557098787
cg12638745,0.414048432,0.477385483,0.456852538,0.537916586,0.414822646,0.392433073,0.378914492,0.455332158,0.437132241,0.412791267,0.362130036,0.353433097,0.477422567,0.49490454,0.568113803,0.534313702,0.471633679,0.482673817,0.380998643,0.411404077,0.419416002,0.298092533,0.498817527,0.419594165,0.353457416,0.438914312,0.531234021,0.421197824,0.424226878,0.558299909,0.454125627,0.438493313,0.392536412,0.361673797
cg05184394,0.38416761,0.488426251,0.429007176,0.47256827,0.417064329,0.416996149,0.412250379,0.393292048,0.387105196,0.381210836,0.521685518,0.46885061,0.458110158,0.449031609,0.354473965,0.442987083,0.432120203,0.455479438,0.41396095,0.458313513,0.450697394,0.40773551,0.402027028,0.329093677,0.459584501,0.54490888,0.475774631,0.423493467,0.439807906,0.444290705,0.451976359,0.369032247,0.434669204,0.438696172
cg05968233,0.32287118,0.312869165,0.367002488,0.37629287,0.386577147,0.35400756,0.327723323,0.257691066,0.289605192,0.371499771,0.328592955,0.34260034,0.369654282,0.343029196,0.286070602,0.304942094,0.322322366,0.274099805,0.398272715,0.373414787,0.309154182,0.254922479,0.321551133,0.290542649,0.227868807,0.381880346,0.36066653,0.412168584,0.26710489,0.244872624,0.292843138,0.221538867,0.334024321,0.41948149
cg21300318,0.463256323,0.407913472,0.422711552,0.429320633,0.403149163,0.407815103,0.584674109,0.514232119,0.439581591,0.334868168,0.34337482,0.410258816,0.50316468,0.454134837,0.414720059,0.403168277,0.405887555,0.339307387,0.491462593,0.535393768,0.404994358,0.345442629,0.394387836,0.431306787,0.512710168,0.389383944,0.573429777,0.316604069,0.443644629,0.401631343,0.379281815,0.454107829,0.282925935,0.530289331
cg06324048,0.389280276,0.43605788,0.524255968,0.528480531,0.427810928,0.449182009,0.416890645,0.423609034,0.493537026,0.474082894,0.433877364,0.406438833,0.406467638,0.456624703,0.313503369,0.489252986,0.35192631,0.472050311,0.433363477,0.383796184,0.413538619,0.573625121,0.444517188,0.430921651,0.452462299,0.533211726,0.593135958,0.657928266,0.435502596,0.519751431,0.456776107,0.359500548,0.44437595,0.385148938
cg14115346,0.581154541,0.600799383,0.567216048,0.675128208,0.624771981,0.531581023,0.519292921,0.575396981,0.481341606,0.595027639,0.56931221,0.632621909,0.572714458,0.529065909,0.531796897,0.589157746,0.55607667,0.565761885,0.586703463,0.573025702,0.535210396,0.508502189,0.577434894,0.617562164,0.590817321,0.568325711,0.602004903,0.613241921,0.565205125,0.618524185,0.604637526,0.509679309,0.574814893,0.591768709
cg25843439,0.537454267,0.702134898,0.537922524,0.634538039,0.545845936,0.508106769,0.699237628,0.593290044,0.591452157,0.579145617,0.266652445,0.563640021,0.501925658,0.45642007,0.540212506,0.436918396,0.48824126,0.632765649,0.546554885,0.499115663,0.567134215,0.272556698,0.661715237,0.54738424,0.552967457,0.608234416,0.439621177,0.502258213,0.54072131,0.550896886,0.404384238,0.461120962,0.435166926,0.419902352
cg03097995,0.561856873,0.669733359,0.522894414,0.538986208,0.562203085,0.54218242,0.730885894,0.767077414,0.484468798,0.495275593,0.639245475,0.574163815,0.639223654,0.598697911,0.610594062,0.607271081,0.626183173,0.607531915,0.749731057,0.743795516,0.613590387,0.664057948,0.768465265,0.647332276,0.607941232,0.577785586,0.736256024,0.839033372,0.534044108,0.519035041,0.54990726,0.613522022,0.812200321,0.808295661
cg16547341,0.615036646,0.65567903,0.565463502,0.566111732,0.665580013,0.509463172,0.47527,0.550330726,0.48969929,0.525661387,0.671105777,0.59820704,0.572220818,0.560655694,0.738537473,0.610789263,0.559455497,0.538578921,0.710797164,0.693491056,0.635868514,0.577877075,0.613205839,0.676424486,0.595260639,0.714606509,0.524732922,0.596452638,0.576221395,0.657565543,0.587699789,0.654413041,0.593307956,0.611411815
cg06851207,0.45397097,0.457417761,0.367466975,0.402537849,0.25440231,0.289223379,0.365192472,0.398621415,0.379544064,0.367313181,0.326993843,0.454206566,0.424247142,0.45669956,0.295471409,0.284941738,0.387374189,0.382438789,0.358358305,0.391274526,0.347622782,0.399427397,0.466527442,0.367338383,0.411149887,0.362832667,0.381213795,0.307592728,0.403902346,0.360074202,0.362942157,0.319047976,0.353125173,0.27993215
cg20451680,0.57017491,0.538646118,0.548484476,0.609535613,0.497341416,0.518088822,0.53541396,0.576545301,0.426144348,0.473789944,0.473275446,0.521151628,0.520486504,0.587706827,0.554413109,0.518157358,0.590794136,0.504823362,0.572716191,0.569610905,0.56705829,0.603778979,0.53420185,0.516881971,0.588593235,0.414152476,0.592160791,0.564662802,0.584626617,0.60998167,0.562539255,0.572453974,0.600553334,0.596235639
cg05807444,0.597397782,0.591530934,0.531633957,0.570784677,0.612753856,0.595418567,0.457894453,0.491546638,0.4926195,0.491731543,0.598539412,0.582864694,0.643697165,0.664760973,0.516763416,0.583787337,0.530697106,0.393024884,0.680921449,0.683097495,0.506849145,0.544919793,0.713490083,0.689451206,0.5600472,0.503402621,0.705885949,0.708423154,0.585970698,0.607430434,0.753234801,0.751195469,0.640878591,0.622189286
cg06362985,0.426866366,0.396199687,0.562430814,0.521582981,0.458944405,0.451104844,0.399583423,0.415961046,0.441813968,0.401852552,0.388347439,0.409659419,0.48510386,0.436259377,0.431104034,0.534805314,0.468200293,0.412629941,0.438073134,0.433008037,0.45165145,0.451203022,0.515436134,0.513821495,0.429609678,0.387500388,0.472336763,0.426135371,0.526601285,0.58792554,0.437939373,0.437370275,0.437199132,0.448741698
cg24378421,0.490186603,0.57779007,0.492623463,0.530128734,0.490830121,0.525101598,0.378379305,0.418489818,0.419571807,0.374330293,0.441316407,0.451109664,0.515454216,0.534102111,0.436680183,0.411990454,0.536420395,0.408594866,0.55731038,0.539985115,0.364846055,0.413207972,0.554239607,0.557849581,0.436369903,0.584438085,0.491766032,0.462438695,0.478110875,0.472423795,0.412616466,0.426435743,0.40652998,0.398198947
cg14356550,0.709510891,0.722865609,0.577868156,0.665377627,0.638195122,0.637510577,0.698733224,0.648111591,0.4572205,0.484967663,0.617266738,0.657648891,0.558377153,0.561410078,0.70559139,0.632383325,0.612275046,0.643782841,0.518552195,0.611550689,0.702957557,0.561042414,0.640716092,0.642122048,0.596529743,0.574385241,0.631325564,0.73688564,0.642460019,0.668843974,0.60068908,0.62068454,0.523002443,0.570443998
cg09558850,0.311024813,0.310934809,0.483755665,0.465908721,0.313159325,0.333889996,0.260537555,0.294665494,0.329800731,0.325702246,0.371351495,0.322412386,0.32221059,0.486886968,0.37143068,0.5,0.396649083,0.417185152,0.342801836,0.372473655,0.379339805,0.412917202,0.494827001,0.478533504,0.359074114,0.324238083,0.389443281,0.507931467,0.471937446,0.49278657,0.384481453,0.333008942,0.419082404,0.325174196
cg05696092,0.499491662,0.496583694,0.534729063,0.539433575,0.564033755,0.600550464,0.630568875,0.53194056,0.471536026,0.486185414,0.567892674,0.642543922,0.602226483,0.568615836,0.597919566,0.527584696,0.701419408,0.501690801,0.568396934,0.588887463,0.570469088,0.63018367,0.472447902,0.574246353,0.612504187,0.611024378,0.625469538,0.483546947,0.535403842,0.567647942,0.570852214,0.500784105,0.625898761,0.590828729
cg04431133,0.499650147,0.479031208,0.546260204,0.60162403,0.52891313,0.544612147,0.52634598,0.574353306,0.512293687,0.498127884,0.434412061,0.510139508,0.555496821,0.485339759,0.606684569,0.467012273,0.540593338,0.52755188,0.532302688,0.513432388,0.373877312,0.515175925,0.504010579,0.589085178,0.549383152,0.446096505,0.606605943,0.470293125,0.554192413,0.575017255,0.353437822,0.512701888,0.543812412,0.509475899
cg21514871,0.47698317,0.48651655,0.488013235,0.511488065,0.430237918,0.527846247,0.509556851,0.525689463,0.530704723,0.509827245,0.407770599,0.473628376,0.624912636,0.496312643,0.666288815,0.391781966,0.548266411,0.521404317,0.530251395,0.552175396,0.36483593,0.480086594,0.555766178,0.496821444,0.542156067,0.696663954,0.529503764,0.501041722,0.474922228,0.446371138,0.410768422,0.546635509,0.485682917,0.48578013
cg06148175,0.32533146,0.349881846,0.556000224,0.574340633,0.390781869,0.393073492,0.432586377,0.403651642,0.425427053,0.428398357,0.329258265,0.324234703,0.285085039,0.299742243,0.250121252,0.337257236,0.350503481,0.310012698,0.417438702,0.394892637,0.373200627,0.39646244,0.52271331,0.494483055,0.315251884,0.414235751,0.344646741,0.279916771,0.421040649,0.446577214,0.332148447,0.348251812,0.358910662,0.355549329
cg24401441,0.456327289,0.53870871,0.511328488,0.540457293,0.475040722,0.493054055,0.484830362,0.386471931,0.453724058,0.451445244,0.484796048,0.461189645,0.449933311,0.498884407,0.606667945,0.514376048,0.443568455,0.460694277,0.47538049,0.496011703,0.545705856,0.498740341,0.465778662,0.456234815,0.462774467,0.368637897,0.511865971,0.543361738,0.369548257,0.434652163,0.402903986,0.47893493,0.418722956,0.492985587
cg08719486,0.469671456,0.476207604,0.488197022,0.487548255,0.421823986,0.388088386,0.503200422,0.521027828,0.406501189,0.451365421,0.346101167,0.410586223,0.440109775,0.379734035,0.352083125,0.32205091,0.273109701,0.367151963,0.49298572,0.442898935,0.374935593,0.447282167,0.594783814,0.415163525,0.378503921,0.238306799,0.412909964,0.317290597,0.477574513,0.456163297,0.312165996,0.331602723,0.377159435,0.37547303
cg09059635,0.40992672,0.521002893,0.432302871,0.435918116,0.458196838,0.488444522,0.52805855,0.504373136,0.450162153,0.428323546,0.537766638,0.55082078,0.445921224,0.388409983,0.36466488,0.411879723,0.453642751,0.502223659,0.424250776,0.41528116,0.533881101,0.466687971,0.578190314,0.526714072,0.513549148,0.433242395,0.49774456,0.419672448,0.487339725,0.552999152,0.458718926,0.533132219,0.472418386,0.457390658
cg20924286,0.472907445,0.451824065,0.433241123,0.49950665,0.448849855,0.381318916,0.472665881,0.466500334,0.494149755,0.394987545,0.460117976,0.507342199,0.479124321,0.454320025,0.44146285,0.38350258,0.483904138,0.388655661,0.433707729,0.505877522,0.408705026,0.471310025,0.532740895,0.499466702,0.494350129,0.476362103,0.500413202,0.398630015,0.459567388,0.489831813,0.431971014,0.552076658,0.481603601,0.51173967
cg27390220,0.362458758,0.45395948,0.360457248,0.407794236,0.429018897,0.43344748,0.500572034,0.379876809,0.382613843,0.426009138,0.473197817,0.441873263,0.460705019,0.34170646,0.382830127,0.590867068,0.370461776,0.420755471,0.459471724,0.431160477,0.595587297,0.621891683,0.501050984,0.434713805,0.465468867,0.31788159,0.470954668,0.505420776,0.503499063,0.53448459,0.386976019,0.431317035,0.363118639,0.384121324
cg02964385,0.305937299,0.399373298,0.425729307,0.424118457,0.372340292,0.357184343,0.456073704,0.449374289,0.506279913,0.352265155,0.404956939,0.355516096,0.396389713,0.43992132,0.350437104,0.497752296,0.441524499,0.401295496,0.450837918,0.415988813,0.393210801,0.387217841,0.489222097,0.414413096,0.390955232,0.316220263,0.472743059,0.241350362,0.288191375,0.297511975,0.438980285,0.354912408,0.410452198,0.352948495
cg06906435,0.5140774,0.534479759,0.437930228,0.542732171,0.54700913,0.565433771,0.501945247,0.506882082,0.560776672,0.519059652,0.498867025,0.489423139,0.458548557,0.50959547,0.541222398,0.520615422,0.556369454,0.507793159,0.476762152,0.462342775,0.457047819,0.506945527,0.541306601,0.43908856,0.496351922,0.588415664,0.468581759,0.366902142,0.415686651,0.381122202,0.498105338,0.562829458,0.480951705,0.495942482
cg18847227,0.43912823,0.521301275,0.502739416,0.585237824,0.448474829,0.473215371,0.439230365,0.443195453,0.387358291,0.36881511,0.469372983,0.472154814,0.470069315,0.378717425,0.521194812,0.568942263,0.47053804,0.456368138,0.486228775,0.566702222,0.597688027,0.5,0.492646309,0.577726473,0.565194914,0.575276729,0.522826678,0.534980058,0.491004983,0.496124471,0.372727556,0.32797542,0.525870635,0.49360585
cg10447080,0.456426233,0.458174123,0.521523174,0.485050675,0.422354071,0.365917544,0.36285736,0.472813359,0.472068919,0.360999823,0.444231856,0.516885943,0.456838256,0.463639072,0.346440671,0.398445214,0.565325472,0.46152698,0.448106826,0.399129734,0.454201778,0.367982228,0.461809131,0.429909527,0.354773205,0.517759483,0.414168721,0.456934265,0.484124324,0.393874707,0.336698207,0.422920243,0.427135785,0.393968922
cg19094438,0.439354204,0.457631961,0.542183207,0.623998327,0.467938525,0.45098547,0.450073422,0.427178866,0.299326679,0.434313359,0.630367758,0.574207699,0.482460106,0.504638822,0.46392578,0.645008347,0.527032876,0.411353494,0.443138417,0.484198477,0.521825022,0.501674359,0.470101497,0.486023341,0.412505635,0.495034189,0.520143805,0.321887136,0.43731492,0.534399143,0.651104035,0.572757345,0.538844862,0.466948022
cg08935301,0.406055442,0.419538924,0.388100205,0.402864139,0.343719087,0.335321662,0.304602274,0.276419821,0.285105979,0.298368586,0.264117771,0.319518835,0.358339593,0.343513609,0.363753408,0.334128079,0.361548815,0.318619305,0.341888057,0.351729846,0.498092387,0.375498418,0.351764735,0.382728148,0.441163069,0.483289491,0.390410281,0.266368673,0.408166347,0.397332303,0.40983903,0.317023102,0.33139847,0.359193561
cg16334795,0.389432439,0.364557482,0.523724019,0.513710834,0.460366429,0.350438717,0.436376725,0.446482261,0.413213284,0.462936198,0.397505791,0.472533086,0.447051714,0.467055023,0.447032604,0.403727704,0.418135533,0.442374153,0.474999065,0.409907004,0.443656762,0.394525613,0.492772324,0.418045367,0.350133853,0.419794517,0.430899554,0.473932933,0.445864875,0.504374583,0.493918479,0.499068604,0.457798343,0.446864104
cg12718440,0.489144405,0.451662432,0.478616359,0.533789681,0.438703242,0.409621828,0.400453417,0.436468109,0.405420174,0.380173169,0.633341672,0.463440526,0.461076385,0.468668536,0.431997839,0.518224692,0.474183422,0.362563675,0.523236164,0.498299723,0.599409848,0.510814518,0.48317644,0.475145066,0.429279548,0.391266044,0.479793456,0.524575498,0.517332413,0.534299282,0.393141616,0.463467885,0.5,0.477736315
cg20516209,0.70792364,0.654740183,0.571982616,0.620908702,0.586804987,0.607188203,0.613349271,0.668085827,0.645442951,0.717300377,0.553653549,0.569431661,0.631775908,0.619762405,0.667957604,0.622018423,0.583509269,0.627445355,0.727635202,0.729310031,0.566196549,0.532333614,0.685916059,0.629559464,0.57053045,0.593408637,0.657305901,0.542453317,0.544709817,0.572802288,0.605935031,0.616283074,0.554686115,0.519856082
cg22672790,0.493180582,0.442168461,0.448226456,0.448175271,0.521936068,0.459173305,0.495393818,0.476956727,0.501354403,0.5032074,0.409842735,0.478986763,0.561217056,0.619871044,0.378285797,0.566440765,0.613878777,0.519827777,0.556304786,0.503988297,0.525863252,0.504440219,0.445526343,0.414139232,0.476548362,0.77765473,0.524169921,0.440698019,0.466699054,0.401073694,0.45780736,0.420964802,0.515493726,0.521369827
cg07880854,0.54764476,0.594263358,0.611919339,0.603360807,0.430776483,0.414231372,0.626312753,0.567989309,0.493718213,0.450108112,0.504516192,0.535758053,0.606096756,0.520391709,0.530698435,0.681545142,0.477604945,0.41498177,0.507905868,0.541853505,0.548074725,0.483864879,0.591015516,0.52851628,0.57299677,0.449281893,0.509079352,0.645070941,0.373954307,0.44491055,0.454482516,0.508860645,0.557694119,0.696746598
cg17181653,0.523248933,0.511487866,0.520972156,0.499406786,0.541239942,0.48094106,0.462070637,0.497976203,0.49359265,0.488299662,0.589461894,0.561444348,0.489918544,0.477602412,0.387218877,0.472145831,0.504096032,0.418521723,0.5471844,0.536918669,0.563975237,0.481842581,0.483935213,0.470445001,0.452161269,0.432982945,0.479382662,0.462027676,0.516342687,0.540201868,0.462379855,0.509795064,0.523491555,0.549170545
cg03504078,0.445098177,0.476682725,0.501078346,0.547346664,0.482913807,0.376617099,0.546372375,0.444375,0.444245794,0.451813752,0.393812686,0.453219257,0.44624432,0.424272263,0.345927359,0.373322076,0.377472322,0.435431958,0.449062549,0.47640937,0.449560364,0.452359032,0.562456938,0.604865138,0.444776416,0.379812107,0.476212522,0.481767048,0.528068749,0.552176137,0.377290097,0.372893647,0.443312597,0.390017478
cg17838516,0.466543729,0.495487196,0.469119766,0.46368268,0.406292932,0.395612301,0.521024339,0.453003372,0.402379788,0.410171554,0.447299479,0.496332365,0.440536662,0.410909724,0.386150484,0.429397766,0.512805944,0.418200495,0.442242069,0.429172384,0.60284995,0.543852176,0.515872792,0.423014975,0.408244969,0.348632374,0.520342469,0.468427553,0.4690077,0.48458676,0.521706745,0.509166689,0.534959127,0.482340244
cg04995717,0.514287049,0.5289197,0.508350877,0.51807435,0.472849552,0.452363071,0.522610272,0.542962486,0.510788662,0.470603501,0.485286535,0.437707564,0.477902176,0.621545729,0.564176301,0.586916414,0.533266798,0.528876674,0.561824692,0.54311597,0.807585922,0.434874238,0.52296808,0.457799091,0.421894788,0.592432051,0.423803654,0.738975021,0.587351867,0.509017483,0.535612468,0.452669741,0.550392663,0.504996191
cg02799466,0.439208399,0.453234144,0.442501796,0.473123371,0.400910629,0.419881143,0.422621864,0.433263056,0.379364933,0.445928855,0.438181144,0.452395774,0.459473711,0.436510704,0.392381455,0.444945785,0.422703796,0.340169798,0.491916019,0.463042741,0.46834763,0.454688866,0.354027544,0.445706081,0.441984748,0.508590548,0.392514528,0.501639881,0.458534781,0.492968876,0.392611441,0.470655328,0.400052384,0.383851436
cg14732540,0.391985383,0.424124611,0.45134527,0.431568273,0.247973406,0.232003178,0.262637575,0.233214396,0.236036508,0.335327397,0.388880995,0.467566758,0.099861606,0.108303921,0.294327403,0.358305496,0.4253095,0.311461945,0.294002554,0.250422039,0.517342486,0.536141354,0.302093168,0.296534646,0.395939376,0.237003923,0.236358384,0.217450233,0.331820554,0.361816686,0.204136631,0.209900429,0.399380361,0.371184434
cg14009688,0.498683934,0.480834719,0.48668033,0.485614234,0.420431792,0.411539665,0.546762859,0.458872459,0.431776174,0.467752561,0.586973355,0.476859526,0.545391523,0.505907485,0.673466584,0.262312386,0.605480225,0.473056184,0.470699967,0.52164263,0.417909293,0.500732518,0.425249634,0.463411083,0.419604213,0.481577973,0.612818115,0.508241058,0.493499289,0.474779968,0.537121632,0.412564941,0.440648273,0.625107974
cg06330621,0.762896154,0.742047855,0.805597073,0.853849492,0.837737215,0.801829563,0.800475558,0.736308997,0.716230686,0.709744834,0.753734177,0.79021192,0.713073389,0.762022476,0.751779334,0.765281236,0.773501204,0.730931169,0.837484154,0.853295354,0.742854302,0.673270826,0.807637316,0.776631441,0.702701502,0.704462972,0.735258339,0.782047766,0.809644482,0.828205913,0.778269354,0.785085679,0.755482344,0.757597777
cg24088408,0.356171672,0.358377045,0.310925878,0.28729441,0.283544524,0.325903662,0.440087242,0.352214997,0.426749768,0.360955605,0.652605902,0.531105265,0.487000604,0.565455796,0.789008957,0.543140901,0.56164897,0.481539605,0.28297935,0.384277393,0.666405461,0.470161643,0.264367351,0.354014531,0.486769815,0.836342681,0.470322146,0.703377018,0.287394857,0.278096749,0.648352595,0.356877954,0.622529448,0.623063067
cg07679836,0.378602371,0.454513631,0.592105619,0.602740753,0.569935086,0.568083364,0.49076615,0.527236176,0.399711005,0.389609984,0.471354905,0.51315691,0.537828701,0.493221506,0.557916691,0.550812322,0.535586367,0.495452927,0.513252798,0.514494869,0.53575974,0.466275766,0.522733091,0.531010082,0.435976991,0.42957961,0.497335501,0.38095245,0.510073663,0.539693762,0.484214976,0.439753456,0.578558187,0.615515324
cg10001720,0.69595426,0.680199024,0.702662256,0.668586379,0.669612996,0.723672224,0.671066932,0.665478486,0.645242914,0.62914235,0.566232321,0.557012691,0.619350359,0.667252588,0.665316019,0.59914075,0.620326055,0.543602594,0.692191379,0.699842653,0.559235521,0.50319649,0.692381336,0.656399522,0.603133347,0.659336144,0.568481321,0.590083296,0.564696766,0.576992003,0.639278219,0.655625211,0.531223478,0.600870687
cg14951292,0.416761424,0.426905815,0.46682586,0.394310091,0.248118633,0.234963821,0.374478808,0.322224773,0.341652188,0.326239938,0.295822441,0.352790374,0.423050175,0.386801709,0.44229743,0.567474294,0.459979037,0.43970679,0.457488922,0.423919687,0.518072903,0.566847591,0.396608051,0.438892353,0.501683417,0.450875678,0.272855069,0.327728064,0.382832082,0.460297766,0.407930571,0.424719138,0.455925347,0.379927604
cg16893574,0.575210923,0.638371422,0.562868106,0.616118146,0.547264156,0.561533514,0.622216397,0.604425995,0.473916337,0.425552367,0.577050246,0.597296668,0.571454417,0.554384101,0.546653462,0.606335704,0.587166043,0.556489028,0.649877893,0.670642609,0.513083485,0.594486566,0.591307722,0.547761069,0.589833074,0.757744499,0.633779172,0.609572238,0.602300687,0.581992704,0.628907933,0.669187916,0.534399308,0.562199467
cg18055394,0.519665016,0.479505756,0.497612123,0.436911634,0.521351344,0.546636234,0.494828242,0.469238987,0.476342998,0.536822507,0.487203124,0.488461392,0.527721045,0.557593157,0.437741973,0.434997129,0.488396625,0.429730027,0.511096435,0.470907088,0.461101303,0.508776001,0.587643662,0.48751353,0.429040124,0.427754534,0.49357816,0.545738045,0.491008264,0.489384035,0.362521417,0.559283892,0.486902421,0.480055981
cg21030598,0.450874024,0.431608021,0.437566379,0.471790312,0.428822038,0.391617411,0.288860077,0.446235887,0.478109104,0.489104153,0.511110238,0.383217688,0.432241741,0.463966858,0.341114281,0.444518718,0.399228119,0.374403999,0.409688774,0.435713757,0.37511686,0.373910049,0.498097911,0.468316234,0.39664709,0.422171161,0.376908241,0.425912567,0.423372672,0.448927627,0.307681165,0.33740194,0.329866511,0.360044535
cg10751811,0.539254959,0.527286169,0.440368992,0.519988002,0.532410101,0.452935146,0.566718635,0.599935572,0.602450598,0.501294216,0.534984777,0.569265749,0.599913364,0.551437477,0.690124471,0.665247504,0.631440212,0.69624603,0.580014939,0.568271193,0.553583382,0.590252665,0.518160936,0.593804409,0.630351658,0.568477266,0.489214095,0.50376564,0.503198185,0.643866386,0.528994456,0.656053084,0.568599098,0.548904406
cg20099806,0.573356758,0.503896233,0.576605303,0.690690702,0.49969158,0.499513974,0.516150972,0.52189848,0.499411302,0.447850088,0.59439136,0.592298818,0.512032748,0.515580406,0.54623626,0.576459705,0.707341263,0.569475624,0.555719941,0.527530035,0.501500324,0.491826547,0.649048304,0.60476576,0.614158162,0.478209302,0.561114835,0.57312218,0.574755932,0.625842268,0.490856587,0.408422775,0.561877609,0.549295407
cg16034652,0.480525915,0.515870934,0.396057517,0.506360759,0.47704198,0.464750381,0.508432241,0.481230016,0.487384331,0.570449711,0.526509013,0.522492607,0.527079693,0.60225429,0.510001148,0.574447519,0.538160248,0.548151206,0.518897526,0.539776852,0.51175798,0.509410312,0.510358189,0.493700782,0.578436869,0.544248479,0.543938984,0.509166878,0.476847199,0.455649592,0.506392531,0.494259408,0.495845898,0.519789829
cg18145683,0.749733777,0.752442257,0.713287097,0.697887498,0.704643319,0.750630238,0.687172514,0.69114515,0.69246084,0.705780397,0.683068623,0.604044917,0.711838429,0.686957113,0.669395272,0.640999556,0.709270143,0.644112734,0.746955239,0.744229763,0.620891363,0.628466682,0.728333227,0.682720985,0.682157716,0.663588564,0.69221302,0.63611297,0.721819504,0.692911109,0.660723187,0.659696961,0.645463722,0.672760208
cg14161241,0.479667265,0.5126564,0.419717929,0.416665295,0.557968339,0.48751803,0.410433651,0.534848309,0.535458514,0.590030004,0.393681437,0.574950508,0.55559983,0.520899688,0.573816488,0.599301206,0.538686397,0.533687921,0.454424953,0.490700992,0.432312856,0.501594662,0.394394902,0.394806804,0.493532977,0.516969855,0.498600628,0.580699404,0.377034351,0.376813654,0.583642447,0.495569744,0.454152577,0.600804703
cg03621001,0.67732827,0.668171885,0.587699714,0.623678746,0.579316469,0.592844178,0.74057969,0.711263401,0.614329572,0.69263204,0.661643919,0.674030937,0.647200389,0.653163243,0.621062651,0.588596863,0.716361874,0.61078897,0.709681014,0.688541997,0.739578057,0.803065589,0.651913869,0.618529759,0.637079741,0.707590805,0.768991313,0.80676734,0.629974584,0.670014908,0.631747425,0.679986609,0.720767962,0.68933822
cg13500388,0.489135624,0.477902803,0.566729268,0.573807304,0.512321109,0.463429742,0.514283778,0.52991609,0.538090448,0.466706771,0.558213488,0.531413237,0.527696108,0.532429362,0.560236894,0.492527541,0.545997609,0.438444698,0.46536166,0.479628821,0.492963562,0.50656655,0.623458416,0.623734137,0.530915966,0.51459972,0.538604861,0.583625042,0.517015368,0.546953197,0.502250527,0.506196775,0.535745494,0.552619946
cg17347634,0.487675636,0.541685806,0.617037303,0.655887968,0.431301637,0.451427447,0.502363655,0.505397065,0.527903082,0.360157788,0.583325782,0.417457346,0.617413553,0.629646776,0.457358208,0.646562375,0.456898694,0.491191831,0.615576823,0.621373888,0.467144612,0.47386894,0.598918897,0.640292138,0.467700234,0.483386425,0.579525287,0.422408414,0.559380279,0.483102697,0.52564961,0.651803318,0.469324929,0.562184394
cg17347253,0.52362642,0.53337272,0.392091315,0.420980299,0.451301874,0.420385825,0.50380588,0.501433477,0.465311469,0.477177972,0.503669525,0.558325986,0.530171077,0.565087357,0.494331795,0.535080456,0.528820403,0.567973427,0.493392252,0.454590015,0.52939785,0.577685713,0.433499269,0.418823346,0.536193777,0.582950416,0.548107618,0.553576766,0.429385648,0.423217248,0.556692872,0.546051185,0.505634617,0.521572677
cg02142461,0.531464822,0.515375452,0.835789717,0.849186497,0.502365622,0.579270307,0.538876541,0.534856001,0.446317874,0.491643487,0.563971652,0.601065194,0.6631329,0.651274367,0.752879721,0.683244596,0.638035909,0.636828759,0.6270166,0.599534676,0.518005959,0.486224583,0.796434171,0.814653477,0.606198078,0.691871109,0.599915217,0.640173229,0.758419674,0.814060638,0.563244449,0.521063094,0.529411111,0.581078903
cg21163415,0.680369245,0.585676757,0.617925903,0.605936542,0.572506108,0.562966415,0.552305955,0.562773569,0.575149855,0.571501154,0.574625535,0.588383906,0.571595599,0.614646257,0.621053019,0.610755963,0.676121691,0.508157335,0.582285183,0.604523309,0.606325699,0.576487865,0.64755843,0.627408559,0.574620408,0.510895481,0.6259346,0.671923278,0.657333498,0.603558468,0.593019076,0.59712323,0.507064603,0.53268406
cg18059933,0.135066339,0.169799435,0.153306062,0.262587996,0.220688964,0.266205583,0.202351665,0.252461785,0.364049755,0.348055451,0.276323928,0.290738385,0.334511631,0.284416413,0.173161644,0.248358204,0.275881947,0.226882546,0.416103009,0.408638071,0.278112367,0.237146089,0.224204547,0.240712707,0.230022298,0.236129633,0.17174527,0.185536392,0.149241543,0.172604842,0.420056436,0.458867652,0.221542521,0.235927186
cg15585987,0.622248478,0.587634819,0.657774606,0.616169501,0.570647358,0.54557715,0.595730415,0.55802771,0.559159389,0.534505958,0.566456258,0.632901516,0.615574741,0.609172443,0.612035908,0.612204475,0.702141154,0.634704533,0.539124729,0.555766046,0.511494821,0.678930517,0.67163543,0.574962392,0.646656093,0.55847491,0.629260471,0.546225106,0.588624451,0.668692506,0.612976509,0.598870067,0.613606512,0.668939034
cg12671744,0.591380107,0.648651956,0.50890881,0.456769879,0.565663572,0.552743492,0.679972885,0.579482146,0.439514345,0.482922739,0.62447063,0.61742789,0.556151597,0.672047927,0.505047333,0.600158222,0.667137429,0.528483371,0.663508274,0.650962547,0.592001553,0.554093576,0.569508794,0.568521584,0.601692826,0.738857436,0.597294406,0.552837642,0.552450549,0.563067735,0.578377401,0.58319636,0.593090595,0.651693715
cg21116314,0.55048756,0.614466019,0.546824355,0.524196511,0.485135801,0.542809596,0.527221598,0.522477066,0.46063387,0.439769209,0.615339798,0.632346766,0.640418626,0.611849722,0.395453623,0.462572089,0.606949686,0.595792652,0.568114809,0.562154671,0.532237661,0.577949834,0.604875844,0.564046325,0.573155338,0.475333954,0.611664643,0.555875002,0.506099773,0.534677618,0.542772889,0.52288292,0.517400212,0.558135666
cg26976437,0.609708749,0.538053485,0.602824923,0.559361467,0.573483364,0.595049468,0.547328214,0.550215807,0.529749489,0.564899726,0.464850397,0.64518679,0.509090043,0.511576259,0.553514111,0.586961793,0.606990826,0.437027499,0.662736959,0.625184793,0.502948864,0.63494244,0.541037161,0.556465665,0.553610399,0.472496716,0.545304877,0.611553371,0.587412159,0.610267796,0.511000175,0.616982199,0.540454102,0.472271299
cg16414852,0.451039307,0.435077519,0.443046124,0.428070856,0.449105321,0.467901535,0.45653527,0.41559656,0.521784153,0.540782732,0.536635982,0.535049071,0.479839553,0.467435864,0.327527079,0.45665838,0.438394595,0.505424203,0.408651203,0.437495654,0.517414816,0.544932836,0.532554373,0.452358621,0.55345308,0.459451078,0.458066996,0.460782509,0.502856752,0.484052964,0.531330556,0.39645905,0.531933613,0.519197153
cg06500079,0.30934336,0.414361173,0.401612114,0.436408166,0.296719786,0.329001751,0.395383749,0.424876833,0.340207896,0.25590277,0.279576715,0.348454183,0.335815498,0.350871617,0.395966301,0.307855136,0.429827725,0.292712379,0.40382705,0.424051221,0.294906141,0.267196079,0.342882497,0.291313423,0.313925871,0.365865651,0.380660346,0.156876363,0.417438009,0.467346203,0.268790601,0.447595025,0.343066361,0.383063128
cg08927738,0.480166961,0.415348333,0.402901938,0.471840786,0.494243535,0.493384065,0.536088393,0.506231911,0.504252311,0.446788398,0.350668217,0.413120215,0.481205184,0.494621319,0.327537986,0.446567144,0.464437102,0.362776871,0.415758131,0.566301818,0.470219892,0.426345093,0.322262765,0.371499708,0.42715642,0.400247478,0.408012948,0.383246221,0.478134864,0.424835281,0.412819901,0.477072603,0.396907915,0.364589176
cg11577097,0.4198372,0.461958415,0.481928105,0.49733504,0.387753257,0.424111246,0.460233919,0.432892092,0.39879244,0.358044793,0.552442368,0.498249666,0.504132945,0.516208924,0.532996242,0.612671775,0.485718466,0.457055181,0.475205692,0.441698189,0.470652482,0.506478684,0.400439875,0.421111694,0.53015891,0.509889522,0.47545881,0.428351864,0.465276932,0.503465288,0.584938003,0.609500407,0.530673378,0.555302147
cg16639185,0.547779591,0.491636757,0.574449149,0.552063132,0.470331993,0.466513459,0.552780449,0.528836435,0.399768318,0.349708279,0.427612524,0.476727669,0.515348565,0.483297845,0.466040087,0.616095874,0.477181604,0.386014615,0.680161536,0.640899698,0.499432611,0.433023553,0.550241799,0.600083814,0.385035164,0.432667591,0.489583226,0.367498473,0.528838424,0.53006841,0.553457208,0.547227001,0.373883181,0.404370337
cg01405107,0.376209362,0.348276282,0.392833867,0.434960583,0.420990601,0.499660499,0.476745915,0.513376217,0.388865255,0.438401968,0.41543621,0.489897261,0.395323258,0.43316618,0.376664718,0.498284805,0.51292998,0.434689947,0.412017658,0.4364575,0.471544848,0.408306305,0.435360315,0.410420038,0.456406025,0.324556579,0.417148074,0.434694449,0.485203591,0.46493118,0.334246908,0.384799981,0.45058281,0.400835531
cg03101664,0.56528666,0.557822483,0.627508696,0.63006545,0.501273818,0.58764683,0.639864033,0.53630407,0.484494207,0.455289961,0.556430944,0.573549596,0.603381748,0.599247988,0.654006913,0.634389052,0.626703603,0.535124612,0.619676908,0.597211086,0.42559011,0.488356471,0.614657725,0.563008878,0.623730942,0.841330285,0.568342337,0.485322057,0.610350526,0.583976299,0.588796599,0.284573992,0.627472123,0.558953549
cg25853078,0.473042575,0.494091999,0.521913988,0.57677138,0.444034779,0.4476636,0.514668608,0.512562907,0.517675438,0.437883703,0.532174504,0.564013449,0.534776362,0.520337822,0.605803575,0.512140014,0.525263583,0.459266663,0.460679378,0.455307713,0.464819156,0.461830696,0.562694959,0.439238485,0.48666319,0.43832007,0.490311366,0.423268274,0.467358539,0.472781753,0.495549848,0.465505113,0.409637501,0.395872964
cg24956866,0.569994428,0.554921012,0.595530969,0.638760512,0.576416043,0.571501496,0.632337841,0.604389442,0.546571827,0.50823908,0.405797934,0.552800294,0.581659483,0.546444022,0.494821594,0.451977666,0.525189536,0.550454205,0.63720255,0.630549716,0.53651931,0.583313595,0.517602439,0.524299489,0.505595285,0.433684633,0.586271875,0.428390081,0.590255494,0.614113489,0.56673817,0.535365583,0.586444563,0.570950643
cg23894058,0.668569183,0.703206657,0.66566752,0.703985122,0.677622452,0.681825202,0.755461476,0.746166173,0.695890643,0.735798989,0.687938011,0.689293807,0.685051721,0.678561953,0.663980131,0.663990761,0.718834622,0.679607159,0.7530572,0.732154664,0.754823311,0.700047715,0.755433067,0.633888732,0.668107966,0.732607184,0.728577743,0.721623026,0.680399463,0.701407443,0.710912935,0.746209586,0.65508959,0.663442431
cg18292394,0.495190717,0.479378163,0.437233244,0.497780982,0.460574948,0.442771116,0.484438698,0.51489813,0.437970487,0.419110236,0.493171417,0.543781069,0.464878651,0.50369044,0.351686589,0.421766184,0.452642369,0.472057091,0.431390377,0.458973643,0.5,0.436852285,0.540688491,0.498893621,0.461523223,0.517762675,0.423438373,0.523149938,0.412205006,0.425935357,0.539152721,0.488382739,0.480718594,0.560043277
cg17093267,0.499465058,0.471180707,0.558966932,0.509601977,0.514858624,0.353881509,0.423464992,0.477935848,0.363213195,0.435599608,0.471488814,0.556050389,0.563537109,0.606421812,0.614780355,0.583389636,0.555027197,0.600274506,0.48798283,0.558186029,0.510703295,0.650162244,0.546619524,0.445386956,0.582407956,0.836416011,0.516984128,0.56347991,0.576888089,0.576527042,0.557679191,0.633985553,0.51921648,0.587872056
cg12990410,0.482796717,0.485083821,0.397001763,0.384698955,0.429506441,0.468888987,0.498720623,0.509288354,0.414502988,0.422836617,0.542498016,0.481031334,0.487066009,0.482973898,0.484705457,0.334126724,0.42321203,0.415002236,0.512321581,0.471174234,0.511387823,0.468408072,0.3531923,0.417074475,0.519846625,0.481184129,0.466005056,0.464754534,0.393923602,0.349302363,0.441465475,0.421145261,0.503698603,0.517029802