TargetID,SNP,Distance,MinorAlleleFrequency
cg00633520,rs139669660,0,0.005
cg00703898,rs184849419,0,0.0014
cg00945108,rs147650195,0,0.0005
cg01581781,rs113267937,0,0.5
cg03165356,rs183673217,0,0.0005
cg03207151,rs141645097,0,0.0005
cg03780701,rs199678589,0,0.0005
cg05260877,rs185418880,0,0.0009
cg05283184,rs187711933,0,0.0005
cg05776630,rs141176928,0,0.0018
cg06802488,rs147610426,0,0.000864
cg07230690,rs191047992,0,0.0014
cg07856155,rs182447000,0,0.0005
cg08316699,rs115056899,0,0.004344
cg09636245,rs143850964,0,0.0005
cg09730795,rs118062406,0,0.007378
cg10032599,rs142849507,0,0.0032
cg10427719,rs116289982,0,0.034269
cg10749572,rs147164577,0,0.0027
cg10940023,rs141199815,0,0.0064
cg11395414,rs113852586,0,0.005947
cg11800844,rs138690402,0,0.0005
cg11991617,rs181588985,0,0.0027
cg12051614,rs116746230,0,0.002606
cg12165772,rs143339771,0,0.0005
cg12213260,rs112937314,0,0.020128
cg12247101,rs116704984,0,0.006516
cg13772742,rs187120641,0,0.0005
cg14535531,rs189713123,0,0.0009
cg14762436,rs150085165,0,0.0009
cg15123663,rs117337063,0,0.001302
cg15775549,rs143844173,0,0.0005
cg16332065,rs112948376,0,0.004117
cg16713551,rs188408320,0,0.0009
cg16919708,rs145780257,0,0.0014
cg19726964,rs142273204,0,0.0032
cg19730600,rs140876986,0,0.0009
cg20058506,rs189811406,0,0.0005
cg21052766,rs192368813,0,0.0005
cg21513009,rs116068727,0,0.009557
cg22114991,rs145475090,0,0.0032
cg24074477,rs190767075,0,0.0005
cg24268161,rs189678614,0,0.0005
cg24781163,rs190421362,0,0.0014
cg25482293,rs147241244,0,0.0133
cg26765567,rs191151617,0,0.0009
cg01076970,rs148439430,0,0.0005
cg03044573,rs191700140,0,0.0005
cg12272488,rs140696073,0,0.0023
cg20255272,rs148133216,0,0.0531
cg25436634,rs182227448,0,0.0014
cg27449507,rs143339780,0,0.0005
cg20463151,rs182270568,0,0.0005
cg24401441,rs115521157,0,0.022155
cg17382629,rs181092055,0,0.0009
cg01040533,rs186092902,0,0.0005
cg18705808,rs149563167,0,0.0005
cg00552892,rs114504380,0,0.00217
cg01310096,rs142382994,0,0.0009
cg04523867,rs199506795,0,0.001
cg10378795,rs201348868,0,0.0137
cg01579052,rs189337582,0,0.0009
cg21172615,rs111247256,0,0.019671
cg11613005,rs181265546,0,0.0005
cg15971629,rs180907700,0,0.0005
cg10299128,rs192424370,0,0.0009
cg17177602,rs189739705,0,0.0009
cg26824847,rs149178743,0,0.0064
cg27613172,rs146955309,0,0.0018
cg15672022,rs141594790,0,0.0014
cg03962522,rs200443129,0,0
cg22816596,rs112237653,0,0.059415
cg00299396,rs140124608,0,0.0009
cg16701007,rs181993284,0,0.0005
cg06057569,rs146109959,0,0.0041
cg17218311,rs182839490,0,0.0037
cg03176520,rs201245165,0,0.0005
cg21755087,rs147684929,0,0.0055
cg07068358,rs185384809,0,0.0005
cg19139343,rs200889968,0,0.0015
cg02323003,rs150986404,0,0.0005
cg10241039,rs150396996,0,0.0064
cg08217526,rs180935087,0,0.0014
cg09957942,rs187881605,0,0.0046
cg06499368,rs113172456,0,0.016926
cg05957730,rs150027370,0,0.000224
cg03571145,rs147820287,0,0.0005
cg19074170,rs111973606,0,0.002745
cg07595602,rs192255196,0,0.0018
cg03380198,rs142103588,0,0.0018
cg11870042,rs146897362,0,0.0114
cg27409910,rs139888846,0,0.0018
cg19935326,rs150732688,0,0.0032
cg21104965,rs182830982,0,0.0005
cg12528408,rs115365023,0,0.012598
cg03543593,rs116418041,0,0.006516
cg07615383,rs186530917,0,0.0014
cg04041159,rs184203001,0,0.0005
cg08763461,rs146562720,0,0.0023
cg08985570,rs148640772,0,0.001039
cg23419885,rs114948794,0,0.00434
cg17268033,rs115560198,0,0.015639
cg19611392,rs149962823,0,0.005
cg09602803,rs186460784,0,0.0009
cg00319893,rs117281062,0,0.00434
cg01136458,rs148192060,0,0.0009
cg07605523,rs116347103,0,0.042572
cg16461530,rs115101225,0,0.013901
cg09470983,rs181848424,0,0.0005
cg01830073,rs187613872,0,0.0005
cg23119487,rs147953245,0,0.0009
cg09357934,rs139771414,0,0.00028
cg23247945,rs141374326,0,0.00022
cg22454022,rs111595440,0,0.5
cg27551227,rs193138954,0,0.0014